file,model,split,eval_mode,threshold,l1_micro_f1,l1_macro_f1,l2_micro_f1,l2_macro_f1,l3_micro_f1,l3_macro_f1,l4_micro_f1,l4_macro_f1,l4_precision,l4_recall,rare_l4_micro_f1,n_l4_samples,ci_low,ci_high,ci_mean,ci_std,b2_l4_micro_f1,p_value,claim_safety_note
outputs/results/b1_esm2_fc_cluster_test_hier_results.json,b1_esm2_fc,cluster_test,hierarchical,0.5,0.9388,0.9232,0.853,0.4914,0.8281,0.3495,0.8428,0.0235,0.9513,0.7564,0.41,26275.0,,,,,,,valid OOD only if checkpoint trained on cluster_train
outputs/results/b2_esm2_hier_cluster_test_hier_results.json,b2_esm2_hier,cluster_test,hierarchical,0.5,0.9543,0.9498,0.8935,0.5379,0.8717,0.3818,0.8267,0.0294,0.9407,0.7373,0.3329,26275.0,,,,,,,valid OOD only if checkpoint trained on cluster_train
outputs/results/b3_contact_cluster_test_results.json,b3_contact,cluster_test,independent,0.5,0.9175,0.9022,0.8922,0.7858,0.894,0.7291,0.9282,0.0466,0.9896,0.874,0.5807,26275.0,,,,,,,valid OOD only if checkpoint trained on cluster_train
outputs/results/fusion_v2_cluster_test_hier_results.json,fusion_v2,cluster_test,hierarchical,0.5,0.9519,0.9404,0.916,0.6966,0.9129,0.6029,0.952,0.0907,0.9758,0.9293,0.8292,26275.0,,,,,,,valid OOD only if checkpoint trained on cluster_train
outputs/results/fusion_v3_cluster_test_hier_results.json,fusion_v3,cluster_test,hierarchical,0.5,0.9524,0.9397,0.9285,0.6604,0.9254,0.5919,0.9107,0.0633,0.9784,0.8518,0.5507,26275.0,,,,,,,valid OOD only if checkpoint trained on cluster_train
outputs/results/fusion_v3_cluster_test_results.json,fusion_v3,cluster_test,independent,,0.833,0.8145,0.7207,0.4994,0.7367,0.4182,0.3139,0.1103,,,0.1085,26275.0,,,,,,,valid OOD only if checkpoint trained on cluster_train
outputs/results/hitec_pretrained_cluster_test_results.json,hitec_pretrained,cluster_test,independent,,,,,,,,0.1338,,0.1151,0.1596,,,,,,,,,valid OOD only if checkpoint trained on cluster_train | prior/pretrained comparison has limited class/domain comparability
outputs/results/fusion_v2_new392_hier_results.json,fusion_v2,new392,hierarchical,0.5,0.9717,0.9625,0.9126,0.8523,0.8663,0.7707,0.6019,0.0138,0.8711,0.4598,0.4772,389.0,,,,,,,warning: overlaps current 2026 Swiss-Prot train; not clean external unless cutoff-controlled
outputs/results/new392_eval_ecbench_b2_hard_val_best.json,new392_eval_ecbench_b2_hard_val_best,new392,independent,,,,,,,,,,,,,,,,,,,,warning: overlaps current 2026 Swiss-Prot train; not clean external unless cutoff-controlled
outputs/results/b1_esm2_fc_price149_hier_results.json,b1_esm2_fc,price149,hierarchical,0.5,0.9103,0.9072,0.6966,0.4599,0.669,0.3371,0.0,0.0,0.0,0.0,0.0,145.0,,,,,,,no contact maps in current pipeline; structure path unavailable
outputs/results/b2_esm2_hier_price149_hier_results.json,b2_esm2_hier,price149,hierarchical,0.5,0.9241,0.907,0.7241,0.6069,0.6897,0.4499,0.0,0.0,0.0,0.0,0.0,145.0,,,,,,,no contact maps in current pipeline; structure path unavailable
outputs/results/fusion_v2_price149_hier_results.json,fusion_v2,price149,hierarchical,0.5,0.9379,0.9256,0.7862,0.6257,0.7655,0.526,0.0508,0.0008,0.102,0.0338,0.0354,145.0,,,,,,,no contact maps in current pipeline; structure path unavailable
outputs/results/bootstrap_ci_fusion_v2_price149.json,fusion_v2_price149,price149,bootstrap_ci,0.2,,,,,,,0.2269,,,,,145.0,0.1686,0.2866,0.2266,0.03,,,no contact maps in current pipeline; structure path unavailable
outputs/results/fusion_v2_price149_knn_results.json,fusion_v2_price149_knn,price149,knn_k1,,,,,,,,0.2662,,0.2893,0.2465,,,,,,,,,no contact maps in current pipeline; structure path unavailable
outputs/results/fusion_v2_price149_knn_results.json,fusion_v2_price149_knn,price149,knn_k10,,,,,,,,0.0404,,0.0714,0.0282,,,,,,,,,no contact maps in current pipeline; structure path unavailable
outputs/results/fusion_v2_price149_knn_results.json,fusion_v2_price149_knn,price149,knn_k20,,,,,,,,0.0408,,0.0741,0.0282,,,,,,,,,no contact maps in current pipeline; structure path unavailable
outputs/results/fusion_v2_price149_knn_results.json,fusion_v2_price149_knn,price149,knn_k3,,,,,,,,0.2262,,0.3165,0.1761,,,,,,,,,no contact maps in current pipeline; structure path unavailable
outputs/results/fusion_v2_price149_knn_results.json,fusion_v2_price149_knn,price149,knn_k5,,,,,,,,0.0923,,0.1698,0.0634,,,,,,,,,no contact maps in current pipeline; structure path unavailable
outputs/results/fusion_v3_price149_hier_results.json,fusion_v3,price149,hierarchical,0.5,0.5172,0.3299,0.3448,0.1666,0.2897,0.1072,0.0,0.0,0.0,0.0,0.0,145.0,,,,,,,no contact maps in current pipeline; structure path unavailable
outputs/results/b0_cnn_test_results.json,b0_cnn,test,independent,,0.9546,0.9551,0.9286,0.7918,0.921,0.7002,0.6444,0.2592,,,0.1436,23046.0,,,,,,,random split has exact sequence duplicates; treat as in-distribution
outputs/results/b1_esm2_fc_test_hier_results.json,b1_esm2_fc,test,hierarchical,0.5,0.9158,0.9,0.8405,0.6443,0.8141,0.477,0.8121,0.1073,0.9491,0.7096,0.273,23046.0,,,,,,,random split has exact sequence duplicates; treat as in-distribution
outputs/results/b1_esm2_fc_test_results.json,b1_esm2_fc,test,independent,,0.9822,0.9809,0.9698,0.8817,0.9639,0.813,0.8853,0.4944,,,0.4557,23046.0,,,,,,,random split has exact sequence duplicates; treat as in-distribution
outputs/results/b2_esm2_hier_test_hier_results.json,b2_esm2_hier,test,hierarchical,0.5,0.9218,0.9069,0.8639,0.6666,0.8443,0.5291,0.8322,0.1478,0.9401,0.7465,0.4045,23046.0,,,,,,,random split has exact sequence duplicates; treat as in-distribution
outputs/results/b2_esm2_hier_test_results.json,b2_esm2_hier,test,hierarchical,,0.9598,0.9559,0.9102,0.7026,0.875,0.5759,0.4076,0.0778,,,0.0049,23046.0,,,,,,,random split has exact sequence duplicates; treat as in-distribution
outputs/results/bootstrap_ci_b2_esm2_hier_test.json,b2_esm2_hier_test,test,bootstrap_ci,0.5,,,,,,,0.8396,,,,,23046.0,0.835,0.8442,0.8396,0.0023,,,random split has exact sequence duplicates; treat as in-distribution
outputs/results/b3_contact_test_hier_results.json,b3_contact,test,hierarchical,0.5,0.8801,0.8693,0.8602,0.8103,0.8628,0.7139,0.8987,0.1855,0.9839,0.8272,0.4647,23046.0,,,,,,,random split has exact sequence duplicates; treat as in-distribution
outputs/results/b3_contact_test_results.json,b3_contact,test,independent,,0.9785,0.9804,0.9699,0.9018,0.9656,0.8587,0.8608,0.4637,,,0.381,23046.0,,,,,,,random split has exact sequence duplicates; treat as in-distribution
outputs/results/ensemble_v2v3_test_w37_hier_results.json,ensemble_v2v3_test_w37,test,hierarchical,,0.9933,0.9929,0.9879,0.9271,0.9841,0.8767,0.9397,0.6182,,,0.6704,23046.0,,,,,,,random split has exact sequence duplicates; treat as in-distribution
outputs/results/ensemble_v2v3_test_w46_hier_results.json,ensemble_v2v3_test_w46,test,hierarchical,,0.9935,0.9931,0.9881,0.9287,0.9842,0.8798,0.9405,0.6214,,,0.6749,23046.0,,,,,,,random split has exact sequence duplicates; treat as in-distribution
outputs/results/ensemble_v2v3_test_w55_hier_results.json,ensemble_v2v3_test_w55,test,hierarchical,,0.9878,0.9871,0.9803,0.8923,0.9768,0.855,0.942,0.6306,,,0.691,23046.0,,,,,,,random split has exact sequence duplicates; treat as in-distribution
outputs/results/ensemble_v2v3_test_w55_results.json,ensemble_v2v3_test_w55,test,independent,,0.9936,0.9932,0.9887,0.926,0.9859,0.897,0.9339,0.629,,,0.6784,23046.0,,,,,,,random split has exact sequence duplicates; treat as in-distribution
outputs/results/ensemble_v2v3_test_w64_hier_results.json,ensemble_v2v3_test_w64,test,hierarchical,,0.9877,0.9871,0.9803,0.8918,0.9768,0.8515,0.9423,0.6334,,,0.6941,23046.0,,,,,,,random split has exact sequence duplicates; treat as in-distribution
outputs/results/ensemble_v2v3_test_w73_hier_results.json,ensemble_v2v3_test_w73,test,hierarchical,,0.9931,0.9927,0.9875,0.9217,0.9835,0.8852,0.9403,0.6252,,,0.6802,23046.0,,,,,,,random split has exact sequence duplicates; treat as in-distribution
outputs/results/fusion_test_hier_results.json,fusion,test,hierarchical,,0.9891,0.9886,0.9834,0.9092,0.98,0.8375,0.8631,0.4044,,,0.3368,23046.0,,,,,,,random split has exact sequence duplicates; treat as in-distribution
outputs/results/fusion_test_results.json,fusion,test,independent,,0.9889,0.9887,0.9856,0.9291,0.9827,0.8833,0.8956,0.4982,,,0.479,23046.0,,,,,,,random split has exact sequence duplicates; treat as in-distribution
outputs/results/fusion_v2_test_hier_results.json,fusion_v2,test,hierarchical,0.5,0.9164,0.9005,0.8902,0.8072,0.8917,0.7313,0.9347,0.2967,0.9693,0.9025,0.7432,23046.0,,,,,,,random split has exact sequence duplicates; treat as in-distribution
outputs/results/fusion_v2_test_results.json,fusion_v2,test,independent,,0.9875,0.9869,0.982,0.9125,0.982,0.8935,0.9344,0.6253,,,0.6767,23046.0,,,,,,,random split has exact sequence duplicates; treat as in-distribution
outputs/results/bootstrap_ci_fusion_v2_test.json,fusion_v2_test,test,bootstrap_ci,0.5,,,,,,,0.9313,,,,,23046.0,0.9284,0.9345,0.9313,0.0015,,,random split has exact sequence duplicates; treat as in-distribution
outputs/results/wilcoxon_v2_vs_b2.json,fusion_v2_vs_b2_wilcoxon,test,wilcoxon,,,,,,,,0.9274,,,,,27034.0,,,,,0.8257,0.0,random split has exact sequence duplicates; treat as in-distribution
outputs/results/fusion_v3_test_hier_results.json,fusion_v3,test,hierarchical,0.5,0.9204,0.9025,0.8913,0.8066,0.8922,0.7285,0.9065,0.2383,0.9737,0.8479,0.5687,23046.0,,,,,,,random split has exact sequence duplicates; treat as in-distribution
outputs/results/fusion_v3_test_results.json,fusion_v3,test,independent,,0.9875,0.9869,0.9822,0.915,0.9816,0.8931,0.9384,0.637,,,0.6923,23046.0,,,,,,,random split has exact sequence duplicates; treat as in-distribution
outputs/results/hitec_pretrained_test_results.json,hitec_pretrained,test,independent,,,,,,,,0.1235,,0.0998,0.1618,,,,,,,,,random split has exact sequence duplicates; treat as in-distribution | prior/pretrained comparison has limited class/domain comparability
outputs/results/temperature_scaling.json,temperature_scaling,unknown,independent,,,,,,,,,,,,,,,,,,,,
outputs/results/ecbench_eval_ecbench_b2_hard_val_best.json,ecbench_eval_ecbench_b2_hard_val_best,val,independent,,,,,,,,,,,,,,,,,,,,
outputs/results/ensemble_v2v3_val_w37_hier_results.json,ensemble_v2v3_val_w37,val,hierarchical,,0.9883,0.9871,0.9825,0.9349,0.9792,0.8712,0.9439,0.6334,,,0.6893,22922.0,,,,,,,
outputs/results/ensemble_v2v3_val_w46_hier_results.json,ensemble_v2v3_val_w46,val,hierarchical,,0.9883,0.9871,0.9825,0.9351,0.9793,0.8701,0.944,0.634,,,0.6898,22922.0,,,,,,,
outputs/results/ensemble_v2v3_val_w55_hier_results.json,ensemble_v2v3_val_w55,val,hierarchical,,0.9884,0.9872,0.9827,0.9354,0.9795,0.8711,0.9444,0.6341,,,0.6907,22922.0,,,,,,,
outputs/results/ensemble_v2v3_val_w64_hier_results.json,ensemble_v2v3_val_w64,val,hierarchical,,0.9882,0.9871,0.9826,0.9362,0.9794,0.8696,0.9442,0.6325,,,0.6874,22922.0,,,,,,,
outputs/results/ensemble_v2v3_val_w73_hier_results.json,ensemble_v2v3_val_w73,val,hierarchical,,0.9882,0.987,0.9825,0.935,0.9793,0.8649,0.9441,0.6332,,,0.6865,22922.0,,,,,,,
outputs/results/sim_eval_swissprot.json,sim_eval_swissprot,val,independent,,,,,,,,,,,,,,,,,,,,
