model,mode,threshold,top_k,n,micro_f1,macro_f1,precision,recall,avg_pred_labels,median_pred_labels
B1_ESM2_only,threshold,0.01,,16725,0.03324668419342451,0.0019440700474383657,0.01900572451409176,0.13261458701543538,7.081494768310912,5.0
B1_ESM2_only,threshold,0.02,,16725,0.05269836296702436,0.0026802523452777024,0.03589338682486503,0.09909273005773536,2.801853512705531,2.0
B1_ESM2_only,threshold,0.03,,16725,0.0641682149816468,0.00295112996763712,0.05213549337260678,0.08342170378225522,1.623916292974589,1.0
B1_ESM2_only,threshold,0.04,,16725,0.06949590209947235,0.003098836550782554,0.06636646295700654,0.07293507717685872,1.115336322869955,1.0
B1_ESM2_only,threshold,0.05,,16725,0.07133592736705577,0.0033596234856828316,0.07933073705466609,0.06480499587604571,0.8290582959641256,0.0
B1_ESM2_only,threshold,0.06,,16725,0.06976910429623275,0.0034195382672993248,0.08869501999272991,0.057499705431836926,0.6579372197309417,0.0
B1_ESM2_only,threshold,0.07,,16725,0.06710536383809014,0.003386670619679101,0.09570056743780009,0.05166725580299281,0.5479222720478326,0.0
B1_ESM2_only,threshold,0.08,,16725,0.06499095113613512,0.0032962144115197866,0.1023951336966164,0.04760221515258631,0.4718086696562033,0.0
B1_ESM2_only,threshold,0.09,,16725,0.06269330435509488,0.0032393790626444856,0.10788262370540852,0.04418522446094026,0.4156651718983558,0.0
B1_ESM2_only,threshold,0.1,,16725,0.061975970265364326,0.0030309110990313706,0.1163205710577547,0.04224107458465889,0.36855007473841556,0.0
B1_ESM2_only,threshold,0.11,,16725,0.06240304923990604,0.002868908835331354,0.1259617105027733,0.04147519736066926,0.33417040358744393,0.0
B1_ESM2_only,threshold,0.12,,16725,0.06192650183067396,0.0028982048400504677,0.13303554088172462,0.04035583834099211,0.3078624813153961,0.0
B1_ESM2_only,threshold,0.13,,16725,0.06128749827196903,0.0026651382257040527,0.14068119314575842,0.039177565688700365,0.2826307922272048,0.0
B1_ESM2_only,threshold,0.14,,16725,0.060784588768878295,0.0024258184429727303,0.14729209154769998,0.03829386119948156,0.26385650224215246,0.0
B1_ESM2_only,threshold,0.15,,16725,0.05993645976575466,0.0024721560343315707,0.15358444714459296,0.03723341581241899,0.2460388639760837,0.0
B1_ESM2_only,threshold,0.16,,16725,0.05950952632336708,0.0023279570985570166,0.1604970230390888,0.03652645222104395,0.23097159940209266,0.0
B1_ESM2_only,threshold,0.17,,16725,0.058994760333786145,0.0023890954390973188,0.16712479384277076,0.035819488629668904,0.2175186846038864,0.0
B1_ESM2_only,threshold,0.18,,16725,0.058161167139919714,0.002453841147699278,0.17207415990730013,0.03499469777306469,0.20639760837070253,0.0
B1_ESM2_only,threshold,0.19,,16725,0.05800669686822927,0.002285341520414129,0.17666466706658668,0.034700129609991755,0.1993423019431988,0.0
B1_ESM2_only,threshold,0.2,,16725,0.05755609490316509,0.0021837024958047168,0.1807153965785381,0.034228820549075056,0.19222720478325858,0.0
B1_ESM2_only,threshold,0.21,,16725,0.05744489877331207,0.0021401382336849544,0.18701298701298702,0.033934252386002124,0.18415545590433482,0.0
B1_ESM2_only,threshold,0.22,,16725,0.05732068463584802,0.0021452206585401163,0.1936249576127501,0.033639684222929185,0.17632286995515695,0.0
B1_ESM2_only,threshold,0.23,,16725,0.05735925271396112,0.0021768692878008974,0.2006358177322501,0.033462943325085426,0.1692675635276532,0.0
B1_ESM2_only,threshold,0.24,,16725,0.05687588868576071,0.0021560947348003216,0.20603384841795438,0.03299163426416873,0.16251121076233183,0.0
B1_ESM2_only,threshold,0.25,,16725,0.05634377870776769,0.0021545296538975165,0.21068702290076335,0.032520325203252036,0.15665171898355754,0.0
B1_ESM2_only,threshold,0.26,,16725,0.05573484964909585,0.00215630330646198,0.21358460934432666,0.03204901614233534,0.15228699551569508,0.0
B1_ESM2_only,threshold,0.27,,16725,0.05569854833727994,0.0021610026034181843,0.22063621533442088,0.03187227524449158,0.1466068759342302,0.0
B1_ESM2_only,threshold,0.28,,16725,0.05492629945694337,0.0021516156108177024,0.22490470139771285,0.03128313891834571,0.1411659192825112,0.0
B1_ESM2_only,threshold,0.29,,16725,0.05434330839567747,0.0019344223279508508,0.22999120492524186,0.03081182985742901,0.1359641255605381,0.0
B1_ESM2_only,threshold,0.3,,16725,0.05403150099092521,0.001928636846083594,0.23545454545454544,0.030517261694356073,0.13153961136023917,0.0
B1_ESM2_only,threshold,0.31,,16725,0.05418976880426823,0.001937305074126272,0.2416044776119403,0.030517261694356073,0.1281913303437967,0.0
B1_ESM2_only,threshold,0.32,,16725,0.0536877495272116,0.0018940451998376467,0.2478176527643065,0.030104866266053965,0.12328849028400599,0.0
B1_ESM2_only,threshold,0.33,,16725,0.053289716667546026,0.0018301956991752793,0.25517938352703384,0.029751384470366442,0.11832585949177878,0.0
B1_ESM2_only,threshold,0.34,,16725,0.05307203389830508,0.0016197741650747293,0.26285414480587616,0.029515729939908093,0.11396113602391629,0.0
B1_ESM2_only,threshold,0.35,,16725,0.05251408525566068,0.0015872336600254108,0.2684782608695652,0.029103334511605985,0.11001494768310911,0.0
B1_ESM2_only,threshold,0.36,,16725,0.05237054023785399,0.0015781590049254181,0.2763083849184018,0.028926593613762226,0.10624813153961137,0.0
B1_ESM2_only,threshold,0.37,,16725,0.05212458525099005,0.0015910255366268862,0.2844626168224299,0.028690939083303876,0.10236173393124066,0.0
B1_ESM2_only,threshold,0.38,,16725,0.05139484978540773,0.0015904910921735076,0.287515006002401,0.02821963002238718,0.09961136023916294,0.0
B1_ESM2_only,threshold,0.39,,16725,0.050989672977624786,0.001578467887869522,0.29295426452410384,0.027925061859314246,0.09674140508221225,0.0
B1_ESM2_only,threshold,0.4,,16725,0.05068205100555346,0.0015598273969402135,0.29879211697393515,0.027689407328855897,0.094050822122571,0.0
B1_ESM2_only,threshold,0.41,,16725,0.050121523089386985,0.0015563577412268036,0.3011031797534069,0.027335925533168375,0.09213751868460389,0.0
B1_ESM2_only,threshold,0.42,,16725,0.049485652409312395,0.0015560713849923674,0.3054812834224599,0.026923530104866266,0.08944693572496264,0.0
B1_ESM2_only,threshold,0.43,,16725,0.0487619461337967,0.0015434993883525542,0.31137309292649096,0.02645222104394957,0.08621823617339312,0.0
B1_ESM2_only,threshold,0.44,,16725,0.0481940818102698,0.0015122528354823447,0.3141843971631206,0.02609873924826205,0.08430493273542601,0.0
B1_ESM2_only,threshold,0.45,,16725,0.04772281542819787,0.0015038166189484694,0.31693198263386396,0.025804171085189113,0.08263079222720478,0.0
B1_ESM2_only,threshold,0.46,,16725,0.04769180399432501,0.001508148043164989,0.32322485207100593,0.025745257452574527,0.08083707025411062,0.0
B1_ESM2_only,threshold,0.47,,16725,0.04747060432048127,0.0015140774076481153,0.3310450038138825,0.025568516554730764,0.07838565022421524,0.0
B1_ESM2_only,threshold,0.48,,16725,0.04667214461791291,0.0015070623955711938,0.3325526932084309,0.02509720749381407,0.07659192825112107,0.0
B1_ESM2_only,threshold,0.49,,16725,0.04590127930599022,0.0015018250843019717,0.33736884584342214,0.02462589843289737,0.07408071748878924,0.0
B1_ESM2_only,threshold,0.5,,16725,0.045209547904520954,0.0014927466799852115,0.3402317880794702,0.024213503004595262,0.0722272047832586,0.0
B1_ESM2_only,threshold,0.51,,16725,0.04467486625117202,0.001475976846480061,0.3500432152117545,0.02386002120890774,0.0691778774289985,0.0
B1_ESM2_only,threshold,0.52,,16725,0.04454269135120199,0.0014764917977683255,0.35950044603033005,0.023742193943678568,0.0670254110612855,0.0
B1_ESM2_only,threshold,0.53,,16725,0.04357226010310993,0.001464763809294312,0.36901408450704226,0.023153057617532696,0.06367713004484304,0.0
B1_ESM2_only,threshold,0.54,,16725,0.04307760630620628,0.0014325946925500658,0.3730769230769231,0.02285848945445976,0.06218236173393124,0.0
B1_ESM2_only,threshold,0.55,,16725,0.04281345565749236,0.0014306357249318745,0.380811078140455,0.022681748556616,0.060448430493273544,0.0
B1_ESM2_only,threshold,0.56,,16725,0.042000891265597154,0.0014171757485256316,0.38548057259713703,0.022210439495699306,0.058475336322869956,0.0
B1_ESM2_only,threshold,0.57,,16725,0.04062726714660417,0.001404615795163135,0.3851851851851852,0.021444562271709672,0.05650224215246637,0.0
B1_ESM2_only,threshold,0.58,,16725,0.0393581931011349,0.001362889148965511,0.3855421686746988,0.02073759868033463,0.054588938714499255,0.0
B1_ESM2_only,threshold,0.59,,16725,0.03895231699126931,0.0013593677443533923,0.38926174496644295,0.020501944149876283,0.053452914798206276,0.0
B1_ESM2_only,threshold,0.6,,16725,0.03789450081282583,0.0013467834139610233,0.39075144508670523,0.01991280782373041,0.05171898355754858,0.0
B1_ESM2_only,threshold,0.61,,16725,0.03738212842388864,0.001340116131460002,0.39548693586698336,0.019618239660657476,0.050343796711509715,0.0
B1_ESM2_only,threshold,0.62,,16725,0.03578461711584989,0.0013104696778802852,0.3979974968710889,0.018734535171438672,0.0477727952167414,0.0
B1_ESM2_only,threshold,0.63,,16725,0.03496897913141568,0.0012909183167188055,0.41005291005291006,0.018263226110521974,0.045201793721973096,0.0
B1_ESM2_only,threshold,0.64,,16725,0.03367041410089825,0.0012518493284403285,0.40990371389270974,0.01755626251914693,0.04346786248131539,0.0
B1_ESM2_only,threshold,0.65,,16725,0.03348984556202975,0.001241088271538271,0.42105263157894735,0.017438435253917757,0.04203288490284006,0.0
B1_ESM2_only,threshold,0.66,,16725,0.032850022655188035,0.0012347447286327339,0.4252199413489736,0.017084953458230235,0.04077727952167414,0.0
B1_ESM2_only,threshold,0.67,,16725,0.03155684204551905,0.0011924865774725268,0.4310077519379845,0.01637798986685519,0.03856502242152467,0.0
B1_ESM2_only,threshold,0.68,,16725,0.03025993970763893,0.0011614230598583023,0.4382207578253707,0.015671026275480147,0.036292974588938716,0.0
B1_ESM2_only,threshold,0.69,,16725,0.02895906966138411,0.0011302685696957917,0.4471830985915493,0.014964062684105103,0.033961136023916295,0.0
B1_ESM2_only,threshold,0.7,,16725,0.027417604386816702,0.0009185471116800535,0.450281425891182,0.014139271827500884,0.03186846038863976,0.0
B1_ESM2_only,threshold,0.71,,16725,0.02588181401740724,0.0008802118798866788,0.46122448979591835,0.013314480970896665,0.02929745889387145,0.0
B1_ESM2_only,threshold,0.72,,16725,0.022519675992416843,0.0008086254141318382,0.45265588914549654,0.011547071992459055,0.025889387144992525,0.0
B1_ESM2_only,threshold,0.73,,16725,0.01970954356846473,0.000672225236046809,0.4523809523809524,0.01007423117709438,0.022600896860986548,0.0
B1_ESM2_only,threshold,0.74,,16725,0.018268007862180597,0.0006280506454863415,0.4876543209876543,0.009308353953104748,0.01937219730941704,0.0
B1_ESM2_only,threshold,0.75,,16725,0.017142526206057798,0.0005932661322437744,0.5051194539249146,0.008719217626958879,0.0175186846038864,0.0
B1_ESM2_only,threshold,0.76,,16725,0.015779092702169626,0.0005687775611186453,0.5151515151515151,0.008012254035583834,0.0157847533632287,0.0
B1_ESM2_only,threshold,0.77,,16725,0.014984318736206296,0.0005466740836112822,0.5286885245901639,0.007599858607281725,0.014588938714499252,0.0
B1_ESM2_only,threshold,0.78,,16725,0.014181099616412876,0.000522750900049302,0.5258620689655172,0.007187463178979616,0.013871449925261584,0.0
B1_ESM2_only,threshold,0.79,,16725,0.01327433628318584,0.0004741252635696415,0.5643564356435643,0.00671615411806292,0.012077727952167414,0.0
B1_ESM2_only,threshold,0.8,,16725,0.012937062937062939,0.00046829253872903586,0.5967741935483871,0.006539413220219159,0.011121076233183856,0.0
B1_ESM2_only,threshold,0.81,,16725,0.012832477834811012,0.00045190728873108405,0.6470588235294118,0.006480499587604572,0.010164424514200299,0.0
B1_ESM2_only,threshold,0.82,,16725,0.012385347899748789,0.000444087770292168,0.7412587412587412,0.006244845057146223,0.008550074738415545,0.0
B1_ESM2_only,threshold,0.83,,16725,0.011808031799848016,0.00043416115849834034,0.7593984962406015,0.0059502768940732885,0.007952167414050823,0.0
B1_ESM2_only,threshold,0.84,,16725,0.011585722644821533,0.00043006772545586846,0.853448275862069,0.005832449628844115,0.006935724962630792,0.0
B1_ESM2_only,threshold,0.85,,16725,0.011357648849598967,0.0004259252729243085,0.9065420560747663,0.00571462236361494,0.0063976083707025415,0.0
B1_ESM2_only,threshold,0.86,,16725,0.011243851018973999,0.00042460937061402493,0.9411764705882353,0.005655708731000354,0.006098654708520179,0.0
B1_ESM2_only,threshold,0.87,,16725,0.011128682715398582,0.00042240047762772385,0.9595959595959596,0.0055967950983857664,0.005919282511210763,0.0
B1_ESM2_only,threshold,0.88,,16725,0.010779776202472318,0.0002317313597597563,0.968421052631579,0.005420054200542005,0.005680119581464873,0.0
B1_ESM2_only,threshold,0.89,,16725,0.00984817398440706,0.00021698649015855308,0.9882352941176471,0.00494874513962531,0.005082212257100149,0.0
B1_ESM2_only,threshold,0.9,,16725,0.009614820894647358,0.0002141875243764096,0.9879518072289156,0.004830917874396135,0.004962630792227205,0.0
B3_contact_only,threshold,0.01,,16725,0.02534469039823644,0.0027088971514848494,0.014249882656653367,0.11446918817014257,8.152585949177878,4.0
B3_contact_only,threshold,0.02,,16725,0.03848709132233813,0.0028753304348283705,0.023989770564217316,0.09726640744668316,4.114857997010463,2.0
B3_contact_only,threshold,0.03,,16725,0.0475402006049992,0.0028024999099549343,0.03257265031852692,0.08795805349357841,2.7405680119581466,2.0
B3_contact_only,threshold,0.04,,16725,0.05444483417124596,0.003051618245494327,0.040676682972280456,0.08230234476257806,2.053452914798206,1.0
B3_contact_only,threshold,0.05,,16725,0.05967040927200289,0.00320491969096469,0.048452319682376295,0.07764816778602569,1.6264275037369207,1.0
B3_contact_only,threshold,0.06,,16725,0.06343567622430855,0.003088186484836225,0.05571403102157247,0.07364204076823377,1.3414648729446936,1.0
B3_contact_only,threshold,0.07,,16725,0.0652440383329619,0.003022647504547789,0.06188563576788923,0.0689878637916814,1.1313602391629298,1.0
B3_contact_only,threshold,0.08,,16725,0.0670028818443804,0.0029399240288097857,0.06830701432243849,0.06574761399787911,0.9768609865470852,1.0
B3_contact_only,threshold,0.09,,16725,0.06798469387755103,0.002831159271760541,0.07409981926873349,0.06280193236714976,0.8601494768310912,0.0
B3_contact_only,threshold,0.1,,16725,0.06894007980417798,0.0027973904113410227,0.08000622616546035,0.060563214327795455,0.7682511210762332,0.0
B3_contact_only,threshold,0.11,,16725,0.0688351248205595,0.002521620932494119,0.08483645464744972,0.05791210086013904,0.6927952167414051,0.0
B3_contact_only,threshold,0.12,,16725,0.06920138257231218,0.0025315143380912333,0.09047664351631624,0.05602686461647225,0.6284603886397608,0.0
B3_contact_only,threshold,0.13,,16725,0.06840439957812265,0.0022893658276350076,0.0948401921871736,0.05349357841404501,0.5724364723467863,0.0
B3_contact_only,threshold,0.14,,16725,0.06834616281782131,0.0022591745808608955,0.100480109739369,0.051785083068221986,0.5230493273542601,0.0
B3_contact_only,threshold,0.15,,16725,0.06820085350775736,0.002288545333782729,0.10556858871465613,0.0503711558854719,0.4842451420029895,0.0
B3_contact_only,threshold,0.16,,16725,0.06779107281414629,0.0022858309054894894,0.11047517636097431,0.04889831507010722,0.44920777279521673,0.0
B3_contact_only,threshold,0.17,,16725,0.06749053384929056,0.002277039272667752,0.1148887944468055,0.04777895605043007,0.4220627802690583,0.0
B3_contact_only,threshold,0.18,,16725,0.0670367388448663,0.0022693210270728417,0.11939622641509434,0.04660068339813833,0.3961136023916293,0.0
B3_contact_only,threshold,0.19,,16725,0.06627831715210356,0.002238968485131571,0.12385099177552007,0.04524566984800283,0.370762331838565,0.0
B3_contact_only,threshold,0.2,,16725,0.06564282580078983,0.0022518053331490014,0.12861072902338377,0.04406739719571109,0.34774289985052315,0.0
B3_contact_only,threshold,0.21,,16725,0.06484702524306485,0.0022389923109437976,0.13344346549192365,0.04283021091080476,0.32573991031390137,0.0
B3_contact_only,threshold,0.22,,16725,0.06382689783169615,0.00220430814816265,0.13777604064881765,0.04153411099328384,0.305949177877429,0.0
B3_contact_only,threshold,0.23,,16725,0.06313084969719214,0.0021762925145339305,0.14267938614682704,0.04053257923883587,0.28831091180866963,0.0
B3_contact_only,threshold,0.24,,16725,0.062227175629237484,0.002167328308019762,0.14692982456140352,0.0394721338517733,0.2726457399103139,0.0
B3_contact_only,threshold,0.25,,16725,0.061856639247943594,0.002170381274856291,0.15298767728435247,0.03876517026039825,0.2571599402092676,0.0
B3_contact_only,threshold,0.26,,16725,0.060974451514863706,0.0021652711807247475,0.1571988246816846,0.03782255213856486,0.24418535127055307,0.0
B3_contact_only,threshold,0.27,,16725,0.05977870383675816,0.002091453278382798,0.15987701767870868,0.0367621067515023,0.23336322869955156,0.0
B3_contact_only,threshold,0.28,,16725,0.05894004541282188,0.002084963471003235,0.16375838926174496,0.03593731589489808,0.2227204783258595,0.0
B3_contact_only,threshold,0.29,,16725,0.058723279933778065,0.002063478072141732,0.16923940499579007,0.03552492046659597,0.21303437967115096,0.0
B3_contact_only,threshold,0.3,,16725,0.057743297652951,0.0019967948630191033,0.1733490566037736,0.03464121597737717,0.2028101644245142,0.0
B3_contact_only,threshold,0.31,,16725,0.05669338082517067,0.001981372529210157,0.17685185185185184,0.03375751148815836,0.1937219730941704,0.0
B3_contact_only,threshold,0.32,,16725,0.05564974568664605,0.0019362991637369344,0.18116883116883117,0.032873806998939555,0.18415545590433482,0.0
B3_contact_only,threshold,0.33,,16725,0.054768364988443376,0.0019350676370099484,0.18613387978142076,0.032107929774949924,0.17506726457399102,0.0
B3_contact_only,threshold,0.34,,16725,0.05397483196037802,0.00192020605398079,0.18983291859225027,0.031459879816189466,0.1681913303437967,0.0
B3_contact_only,threshold,0.35,,16725,0.05371585533343507,0.0019260357658227307,0.19664804469273742,0.031106398020501944,0.16053811659192826,0.0
B3_contact_only,threshold,0.36,,16725,0.05221932114882506,0.0018896959801883494,0.19929660023446658,0.030045952633439378,0.15300448430493274,0.0
B3_contact_only,threshold,0.37,,16725,0.05166469407708537,0.0018446266166306585,0.2041480276535177,0.029574643572522683,0.1470254110612855,0.0
B3_contact_only,threshold,0.38,,16725,0.05056876938986556,0.0017609927379044236,0.20667793744716823,0.02880876634853305,0.14146487294469356,0.0
B3_contact_only,threshold,0.39,,16725,0.04979468787359011,0.001755128596321778,0.21147902869757174,0.02821963002238718,0.13542600896860987,0.0
B3_contact_only,threshold,0.4,,16725,0.0492333368102639,0.0017746870357194982,0.21454545454545454,0.027807234594085073,0.13153961136023917,0.0
B3_contact_only,threshold,0.41,,16725,0.047791227794371956,0.0017549617841482628,0.21621621621621623,0.02686461647225168,0.1260986547085202,0.0
B3_contact_only,threshold,0.42,,16725,0.04735845085245212,0.001748617165318148,0.22167487684729065,0.026511134676564158,0.12137518684603886,0.0
B3_contact_only,threshold,0.43,,16725,0.04713840300163822,0.0017500512042259093,0.2288353001539251,0.02627548014610581,0.1165321375186846,0.0
B3_contact_only,threshold,0.44,,16725,0.0462918723788289,0.001738453003652727,0.23403113258185723,0.025686343819959937,0.11139013452914798,0.0
B3_contact_only,threshold,0.45,,16725,0.04577877142552964,0.0016871379709981972,0.23730684326710816,0.025332862024272415,0.1083408071748879,0.0
B3_contact_only,threshold,0.46,,16725,0.04551768351319586,0.001681355230710728,0.24426605504587157,0.02509720749381407,0.10427503736920778,0.0
B3_contact_only,threshold,0.47,,16725,0.04516440487046077,0.0016886969579457461,0.25224685440383465,0.024802639330741134,0.09979073243647235,0.0
B3_contact_only,threshold,0.48,,16725,0.044760060253927265,0.0016803443611094694,0.2577447335811648,0.024508071167668198,0.09650224215246636,0.0
B3_contact_only,threshold,0.49,,16725,0.043935877368165385,0.0016655418982858099,0.262073406310367,0.023977848474136917,0.09285500747384155,0.0
B3_contact_only,threshold,0.5,,16725,0.043555988948480416,0.0016507526070459963,0.27070707070707073,0.02368328031106398,0.08878923766816144,0.0
B3_contact_only,threshold,0.51,,16725,0.043152173913043476,0.0016480324772239169,0.27840112201963535,0.023388712147991046,0.08526158445440957,0.0
B3_contact_only,threshold,0.52,,16725,0.04239782016348774,0.0016419925624862092,0.282703488372093,0.02291740308707435,0.08227204783258595,0.0
B3_contact_only,threshold,0.53,,16725,0.04175319707071811,0.001629784352525179,0.28851963746223563,0.02250500765877224,0.07916292974588938,0.0
B3_contact_only,threshold,0.54,,16725,0.04130375239660368,0.001630659789710192,0.29430132708821233,0.022210439495699306,0.07659192825112107,0.0
B3_contact_only,threshold,0.55,,16725,0.04064817357868717,0.0016232296754935605,0.3005686433793664,0.021798044067397195,0.07360239162929746,0.0
B3_contact_only,threshold,0.56,,16725,0.03975770925110132,0.001606030037627383,0.30438448566610454,0.021267821373865913,0.0709118086696562,0.0
B3_contact_only,threshold,0.57,,16725,0.03909226436972006,0.0016026280071141953,0.3113456464379947,0.020855425945563805,0.06798206278026905,0.0
B3_contact_only,threshold,0.58,,16725,0.03894020686984899,0.00160484729664718,0.318552036199095,0.02073759868033463,0.06606875934230194,0.0
B3_contact_only,threshold,0.59,,16725,0.038580931263858094,0.0016047354146387994,0.32645403377110693,0.020501944149876283,0.06373692077727952,0.0
B3_contact_only,threshold,0.6,,16725,0.037549297339332335,0.0015757358579067328,0.32847424684159376,0.01991280782373041,0.06152466367713005,0.0
B3_contact_only,threshold,0.61,,16725,0.03694636100600935,0.0015273670552525085,0.33266533066132264,0.01955932602804289,0.059671150971599404,0.0
B3_contact_only,threshold,0.62,,16725,0.03611838804971853,0.0015485557962395668,0.33505687693898656,0.019088016967126194,0.05781763826606876,0.0
B3_contact_only,threshold,0.63,,16725,0.035287548855388054,0.0015391300501051382,0.33760683760683763,0.018616707906209496,0.05596412556053812,0.0
B3_contact_only,threshold,0.64,,16725,0.03499161542761319,0.0015359856375260533,0.34170305676855894,0.018439967008365737,0.05476831091180867,0.0
B3_contact_only,threshold,0.65,,16725,0.03448468902200078,0.0015336667091124891,0.3464566929133858,0.0181453988452928,0.053153961136023914,0.0
B3_contact_only,threshold,0.66,,16725,0.03429724277067922,0.0015204197099973362,0.35172413793103446,0.018027571580063628,0.05201793721973094,0.0
B3_contact_only,threshold,0.67,,16725,0.033770896443397286,0.001517521402991945,0.3532863849765258,0.017733003416990693,0.05094170403587444,0.0
B3_contact_only,threshold,0.68,,16725,0.03336516317474583,0.0015127076452554338,0.35826296743063935,0.017497348886532343,0.049566517189835575,0.0
B3_contact_only,threshold,0.69,,16725,0.03261175147596289,0.001478104864154543,0.35758323057953145,0.017084953458230235,0.04849028400597907,0.0
B3_contact_only,threshold,0.7,,16725,0.032430606384775636,0.0014779594718454905,0.36594663278271916,0.016967126193001062,0.04705530642750374,0.0
B3_contact_only,threshold,0.71,,16725,0.03190350036638296,0.0014589707398134316,0.36897001303780963,0.016672558029928126,0.04585949177877429,0.0
B3_contact_only,threshold,0.72,,16725,0.0313752045595621,0.0014549586993148251,0.37215528781793844,0.01637798986685519,0.04466367713004484,0.0
B3_contact_only,threshold,0.73,,16725,0.030953456845910526,0.0014530155511671943,0.37534246575342467,0.01614233533639684,0.043647234678624816,0.0
B3_contact_only,threshold,0.74,,16725,0.030198495730362495,0.0014277956807145894,0.3765867418899859,0.015729939908094733,0.04239162929745889,0.0
B3_contact_only,threshold,0.75,,16725,0.029325181159420288,0.0012846544380988748,0.3753623188405797,0.015258630847178037,0.04125560538116592,0.0
B3_contact_only,threshold,0.76,,16725,0.028901734104046246,0.0012738110328042447,0.3794642857142857,0.015022976316719689,0.04017937219730942,0.0
B3_contact_only,threshold,0.77,,16725,0.027801418439716317,0.0012564510984568972,0.3763440860215054,0.01443383999057382,0.0389237668161435,0.0
B3_contact_only,threshold,0.78,,16725,0.027264981539335414,0.0012398591458290412,0.3803486529318542,0.014139271827500884,0.03772795216741405,0.0
B3_contact_only,threshold,0.79,,16725,0.026389125860205878,0.0012195763627840177,0.38095238095238093,0.013667962766584187,0.03641255605381166,0.0
B3_contact_only,threshold,0.8,,16725,0.025632262474367735,0.0012064616499744146,0.3865979381443299,0.013255567338282079,0.034798206278026905,0.0
B3_contact_only,threshold,0.81,,16725,0.024522383803820928,0.0011702932147190177,0.38324420677361853,0.012666431012136208,0.03354260089686099,0.0
B3_contact_only,threshold,0.82,,16725,0.023741582011185938,0.0011547921236801071,0.3795620437956204,0.012254035583834099,0.03276532137518685,0.0
B3_contact_only,threshold,0.83,,16725,0.023085714285714282,0.0011107335048494349,0.3840304182509506,0.011900553788146577,0.03144992526158445,0.0
B3_contact_only,threshold,0.84,,16725,0.022763669640814457,0.0011102198334582661,0.39019607843137255,0.011723812890302816,0.030493273542600896,0.0
B3_contact_only,threshold,0.85,,16725,0.022435897435897433,0.0011060648181105593,0.39357429718875503,0.011547071992459055,0.02977578475336323,0.0
B3_contact_only,threshold,0.86,,16725,0.021425297891842346,0.0008840296247591394,0.3879668049792531,0.011016849298927772,0.02881913303437967,0.0
B3_contact_only,threshold,0.87,,16725,0.020873953435026953,0.0007823142626928761,0.3922413793103448,0.010722281135854836,0.027742899850523167,0.0
B3_contact_only,threshold,0.88,,16725,0.020088388911209322,0.0007286881193974694,0.3897550111358575,0.010309885707552728,0.026846038863976084,0.0
B3_contact_only,threshold,0.89,,16725,0.01874209497527883,0.0006997077400895501,0.3880952380952381,0.009602922116177684,0.025112107623318385,0.0
B3_contact_only,threshold,0.9,,16725,0.018295840285369083,0.0006802402937068899,0.3906633906633907,0.009367267585719336,0.024334828101644244,0.0
Fusion_ESM2_contact,threshold,0.01,,16725,0.13526135148821244,0.006596523693087375,0.09921584812216261,0.21244255920820077,2.1730941704035875,2.0
Fusion_ESM2_contact,threshold,0.02,,16725,0.159453525250061,0.006705152753924221,0.1360759493670886,0.19252975138447037,1.4359342301943199,1.0
Fusion_ESM2_contact,threshold,0.03,,16725,0.16976052941506364,0.006932700881728381,0.1619755993150685,0.1783315659243549,1.1173692077727952,1.0
Fusion_ESM2_contact,threshold,0.04,,16725,0.17421002430694443,0.00706729643459922,0.18232755844657694,0.16678449393189584,0.9283707025411061,1.0
Fusion_ESM2_contact,threshold,0.05,,16725,0.17782757711573954,0.007151479204225656,0.2017950635751683,0.15894898079415576,0.7994020926756352,1.0
Fusion_ESM2_contact,threshold,0.06,,16725,0.17748601993678578,0.007221907831697172,0.21621392908521622,0.15052433133026982,0.7065470852017938,0.0
Fusion_ESM2_contact,threshold,0.07,,16725,0.17673946165566273,0.007200595335405147,0.22998489425981872,0.14351360904913396,0.6333034379671151,0.0
Fusion_ESM2_contact,threshold,0.08,,16725,0.17466691686995683,0.006699057937398507,0.2406162754627236,0.13709202309414398,0.578236173393124,0.0
Fusion_ESM2_contact,threshold,0.09,,16725,0.17271744168082803,0.006846245975233756,0.25072886297376096,0.13173088252621656,0.5332137518684604,0.0
Fusion_ESM2_contact,threshold,0.1,,16725,0.16858207180787824,0.0067685135685721515,0.25750605326876513,0.12530929657122658,0.4938714499252616,0.0
Fusion_ESM2_contact,threshold,0.11,,16725,0.16284925276153348,0.0064933530556497195,0.26209150326797387,0.11812183339224697,0.45739910313901344,0.0
Fusion_ESM2_contact,threshold,0.12,,16725,0.15918130593304605,0.006346914380778847,0.2682211672717118,0.11317308825262165,0.428221225710015,0.0
Fusion_ESM2_contact,threshold,0.13,,16725,0.15639490768063402,0.006291816069148012,0.274896265560166,0.10928478850005892,0.4034678624813154,0.0
Fusion_ESM2_contact,threshold,0.14,,16725,0.15172295559746274,0.006085998413703726,0.2783894306385656,0.10427712972781902,0.3801494768310912,0.0
Fusion_ESM2_contact,threshold,0.15,,16725,0.1487567379586159,0.005652375574708521,0.28374792703150914,0.10080122540355839,0.36053811659192825,0.0
Fusion_ESM2_contact,threshold,0.16,,16725,0.14707958355390857,0.005622875051898889,0.2927643133122585,0.09820902556851656,0.34044843049327356,0.0
Fusion_ESM2_contact,threshold,0.17,,16725,0.14472155180119783,0.005713956850342534,0.2998148148148148,0.09538117120301638,0.32286995515695066,0.0
Fusion_ESM2_contact,threshold,0.18,,16725,0.14223669923995658,0.005548110942682046,0.3064327485380117,0.09261223047013079,0.30672645739910315,0.0
Fusion_ESM2_contact,threshold,0.19,,16725,0.1404615033127713,0.00548399332311417,0.312970881694156,0.09055025332862024,0.2936322869955157,0.0
Fusion_ESM2_contact,threshold,0.2,,16725,0.138909426987061,0.0055264038658286605,0.3221174453493356,0.08854718981972429,0.27898355754857995,0.0
Fusion_ESM2_contact,threshold,0.21,,16725,0.13598580367983562,0.005509154033491402,0.3279279279279279,0.08577824908683869,0.26547085201793724,0.0
Fusion_ESM2_contact,threshold,0.22,,16725,0.13386830304460703,0.005512700289241586,0.33673711707432913,0.08353953104748439,0.2517787742899851,0.0
Fusion_ESM2_contact,threshold,0.23,,16725,0.13197921136699567,0.005475525017541315,0.3460865216304076,0.08153646753858843,0.23910313901345293,0.0
Fusion_ESM2_contact,threshold,0.24,,16725,0.13047871060861196,0.005183437834592175,0.3558121228024141,0.07988688582537999,0.2278624813153961,0.0
Fusion_ESM2_contact,threshold,0.25,,16725,0.12908853030963802,0.005174806010297548,0.36363636363636365,0.0784729586426299,0.2190134529147982,0.0
Fusion_ESM2_contact,threshold,0.26,,16725,0.12801013941698353,0.005170065260126751,0.3709039548022599,0.07735359962295275,0.2116591928251121,0.0
Fusion_ESM2_contact,threshold,0.27,,16725,0.12674880958224927,0.005177854333054763,0.38004121283485426,0.07605749970543184,0.20310911808669657,0.0
Fusion_ESM2_contact,threshold,0.28,,16725,0.1257346041779841,0.005186805184614823,0.3887022900763359,0.07499705431836927,0.19581464872944693,0.0
Fusion_ESM2_contact,threshold,0.29,,16725,0.12341017488076311,0.00517288369654951,0.3937856689917565,0.07317073170731707,0.1885799701046338,0.0
Fusion_ESM2_contact,threshold,0.3,,16725,0.12088186771984201,0.004890975488028844,0.39914163090128757,0.0712265818310357,0.18110612855007474,0.0
Fusion_ESM2_contact,threshold,0.31,,16725,0.11846935183788405,0.00494628449876735,0.4043940954342602,0.06940025921998351,0.17417040358744396,0.0
Fusion_ESM2_contact,threshold,0.32,,16725,0.11620856911883588,0.004808889293453842,0.40809084457061745,0.06775067750677506,0.16849028400597907,0.0
Fusion_ESM2_contact,threshold,0.33,,16725,0.11387647297846405,0.004767256336775868,0.41304347826086957,0.06604218216095205,0.16227204783258595,0.0
Fusion_ESM2_contact,threshold,0.34,,16725,0.11203594954807743,0.004631726837284075,0.4204676121119203,0.06462825497820196,0.15599402092675635,0.0
Fusion_ESM2_contact,threshold,0.35,,16725,0.11047853515925528,0.004660631002056743,0.4268727705112961,0.06344998232591022,0.15085201793721972,0.0
Fusion_ESM2_contact,threshold,0.36,,16725,0.1079577646149884,0.004631370361318264,0.42933224088488325,0.06174148698008719,0.145949177877429,0.0
Fusion_ESM2_contact,threshold,0.37,,16725,0.10671630215604157,0.004640595925022336,0.43599493029150826,0.0607988688582538,0.14152466367713004,0.0
Fusion_ESM2_contact,threshold,0.38,,16725,0.10466202886512303,0.0045922559119925205,0.4405594405594406,0.05938494167550371,0.13680119581464872,0.0
Fusion_ESM2_contact,threshold,0.39,,16725,0.10291434231791877,0.00453785338746421,0.4472134118713185,0.05814775539059738,0.13195814648729448,0.0
Fusion_ESM2_contact,threshold,0.4,,16725,0.10155310359253254,0.004359946373343935,0.4518380642159144,0.05720513726876399,0.12849028400597906,0.0
Fusion_ESM2_contact,threshold,0.41,,16725,0.09943301133977321,0.0041522232749503524,0.4566055930568949,0.055791210086013905,0.12400597907324365,0.0
Fusion_ESM2_contact,threshold,0.42,,16725,0.09795144557375322,0.004137390946406232,0.46153846153846156,0.05478967833156592,0.12047832585949178,0.0
Fusion_ESM2_contact,threshold,0.43,,16725,0.09661733615221987,0.004120300504416064,0.4696813977389517,0.05384706020973253,0.11635276532137519,0.0
Fusion_ESM2_contact,threshold,0.44,,16725,0.09527851458885943,0.003904973202582488,0.47867803837953093,0.05290444208789914,0.11216741405082212,0.0
Fusion_ESM2_contact,threshold,0.45,,16725,0.0943767622492951,0.003900428068196555,0.48656061437191445,0.052256392129138685,0.1089985052316891,0.0
Fusion_ESM2_contact,threshold,0.46,,16725,0.09256392462499334,0.0036993612132955,0.4928936895963616,0.05107811947684694,0.10517189835575486,0.0
Fusion_ESM2_contact,threshold,0.47,,16725,0.09091882630113515,0.003418788560874798,0.4988249118683901,0.05001767408978438,0.10176382660687594,0.0
Fusion_ESM2_contact,threshold,0.48,,16725,0.08911794706608686,0.003388412007571518,0.5021173623714459,0.04889831507010722,0.0988340807174888,0.0
Fusion_ESM2_contact,threshold,0.49,,16725,0.08813559322033898,0.0033436184977614206,0.5083798882681564,0.048250265111346766,0.09632286995515695,0.0
Fusion_ESM2_contact,threshold,0.5,,16725,0.08639308855291576,0.003332802354715205,0.517464424320828,0.04713090609166961,0.09243647234678624,0.0
Fusion_ESM2_contact,threshold,0.51,,16725,0.08573748308525034,0.0033046118740005597,0.5276482345103265,0.04665959703075292,0.08974588938714499,0.0
Fusion_ESM2_contact,threshold,0.52,,16725,0.08414309755170729,0.0032900991915562577,0.5355908776779544,0.045658065276304935,0.08651718983557549,0.0
Fusion_ESM2_contact,threshold,0.53,,16725,0.08284796690436012,0.003285090887214392,0.5447387258410881,0.04483327441970072,0.08352765321375187,0.0
Fusion_ESM2_contact,threshold,0.54,,16725,0.08211111716918379,0.003259104306307487,0.5508412582297001,0.04436196535878402,0.0817339312406577,0.0
Fusion_ESM2_contact,threshold,0.55,,16725,0.08083128247197156,0.0032473785361974397,0.5636918382913806,0.0435371745021798,0.07838565022421524,0.0
Fusion_ESM2_contact,threshold,0.56,,16725,0.08011397884815606,0.003249724370823118,0.5733333333333334,0.04306586544126311,0.07623318385650224,0.0
Fusion_ESM2_contact,threshold,0.57,,16725,0.0795080166922908,0.0032226121030358235,0.5848142164781907,0.042653470012961,0.07402092675635276,0.0
Fusion_ESM2_contact,threshold,0.58,,16725,0.078987898789879,0.0031832185551412327,0.5953565505804311,0.042299988217273474,0.07210762331838565,0.0
Fusion_ESM2_contact,threshold,0.59,,16725,0.07792350931334731,0.0031703446790359254,0.6032423208191127,0.04165193825851302,0.0700747384155456,0.0
Fusion_ESM2_contact,threshold,0.6,,16725,0.07702493930699625,0.0031262121627311243,0.6069565217391304,0.04112171556498174,0.0687593423019432,0.0
Fusion_ESM2_contact,threshold,0.61,,16725,0.07636202895347552,0.0030403705396661283,0.6147686832740213,0.040709320136679626,0.06720478325859491,0.0
Fusion_ESM2_contact,threshold,0.62,,16725,0.07582466238653975,0.003057074386151626,0.6261425959780622,0.04035583834099211,0.06541106128550074,0.0
Fusion_ESM2_contact,threshold,0.63,,16725,0.0750471122935373,0.003021804266176106,0.6338951310861424,0.03988452928007541,0.06385650224215246,0.0
Fusion_ESM2_contact,threshold,0.64,,16725,0.0742714404662781,0.003009993031437792,0.6426512968299711,0.03941322021915871,0.06224215246636771,0.0
Fusion_ESM2_contact,threshold,0.65,,16725,0.07336594041796354,0.0030194368964628843,0.6483300589390962,0.03888299752562743,0.060866965620328846,0.0
Fusion_ESM2_contact,threshold,0.66,,16725,0.07328210268404053,0.00302747297698857,0.6686991869918699,0.03876517026039825,0.05883408071748879,0.0
Fusion_ESM2_contact,threshold,0.67,,16725,0.07243707796193984,0.0030398521113339126,0.6867724867724868,0.038234947566866975,0.05650224215246637,0.0
Fusion_ESM2_contact,threshold,0.68,,16725,0.07130881859841288,0.0030242239002063586,0.6934782608695652,0.03758689760810652,0.055007473841554556,0.0
Fusion_ESM2_contact,threshold,0.69,,16725,0.0706132497761862,0.003027537243999862,0.7026726057906458,0.037174502179804406,0.05369207772795217,0.0
Fusion_ESM2_contact,threshold,0.7,,16725,0.06971140375455309,0.003005893504439913,0.7141216991963261,0.03664427948627312,0.05207772795216741,0.0
Fusion_ESM2_contact,threshold,0.71,,16725,0.0690158231399394,0.00299774201078627,0.7252358490566038,0.036231884057971016,0.05070254110612855,0.0
Fusion_ESM2_contact,threshold,0.72,,16725,0.06831844485645261,0.002933434136220085,0.7369696969696969,0.035819488629668904,0.04932735426008968,0.0
Fusion_ESM2_contact,threshold,0.73,,16725,0.06728551336146273,0.002901721442382542,0.7465667915106118,0.03523035230352303,0.04789237668161435,0.0
Fusion_ESM2_contact,threshold,0.74,,16725,0.06579910990930088,0.002876436160228164,0.7516087516087516,0.034405561446918816,0.046457399103139015,0.0
Fusion_ESM2_contact,threshold,0.75,,16725,0.0643231958472042,0.0028597279148076557,0.7610146862483311,0.0335807705903146,0.04478325859491779,0.0
Fusion_ESM2_contact,threshold,0.76,,16725,0.06402077570146221,0.002852121069728872,0.7672530446549392,0.03340402969247084,0.044185351270553064,0.0
Fusion_ESM2_contact,threshold,0.77,,16725,0.0628568198519021,0.0027749842318658645,0.7754532775453278,0.03275597973371038,0.042869955156950676,0.0
Fusion_ESM2_contact,threshold,0.78,,16725,0.06256717768852181,0.002801255702580289,0.786628733997155,0.03257923883586662,0.04203288490284006,0.0
Fusion_ESM2_contact,threshold,0.79,,16725,0.06161513195152339,0.002693428759239121,0.7953216374269005,0.03204901614233534,0.04089686098654709,0.0
Fusion_ESM2_contact,threshold,0.8,,16725,0.060891257512189594,0.002688623235061128,0.8087349397590361,0.031636620714033226,0.03970104633781764,0.0
Fusion_ESM2_contact,threshold,0.81,,16725,0.06049599909199251,0.002677812375864031,0.8238021638330757,0.03140096618357488,0.038684603886397606,0.0
Fusion_ESM2_contact,threshold,0.82,,16725,0.05988296119538662,0.0026781508923867945,0.8405103668261563,0.031047484387887358,0.037488789237668164,0.0
Fusion_ESM2_contact,threshold,0.83,,16725,0.059034294488995054,0.0026242016028402027,0.8522167487684729,0.03057617532697066,0.03641255605381166,0.0
Fusion_ESM2_contact,threshold,0.84,,16725,0.05841493964928262,0.0025988946999482188,0.8694915254237288,0.030222693531283137,0.03527653213751868,0.0
Fusion_ESM2_contact,threshold,0.85,,16725,0.05722754217966256,0.0025716657860931965,0.8807017543859649,0.029574643572522683,0.034080717488789235,0.0
Fusion_ESM2_contact,threshold,0.86,,16725,0.05547628560013698,0.0024384808791371544,0.8884826325411335,0.02863202545068929,0.03270553064275037,0.0
Fusion_ESM2_contact,threshold,0.87,,16725,0.05383164752271558,0.002215786499019361,0.8971428571428571,0.027748320961470483,0.03139013452914798,0.0
Fusion_ESM2_contact,threshold,0.88,,16725,0.053311978034549824,0.0022081378247028457,0.9173228346456693,0.02745375279839755,0.030373692077727953,0.0
Fusion_ESM2_contact,threshold,0.89,,16725,0.05120861496162218,0.0021198156523092983,0.9235537190082644,0.026334393778720395,0.028938714499252616,0.0
Fusion_ESM2_contact,threshold,0.9,,16725,0.04864616796695731,0.002019998002996842,0.925764192139738,0.024979380228584893,0.027384155455904335,0.0
