cluster_id,size,split,representative
0,2111,val,A0A320
1,72,train,A1RS16
2,75,train,A0AHS0
3,16,train,A0A0H3KP73
4,73,train,A1AHW4
5,7,test,O05755
6,1,train,O06458
7,1,train,O06745
8,73,train,A1A8P2
9,1022,train,A0AJ21
10,10,train,O68940
11,26,train,E6ENP9
12,1,train,P12260
13,1,train,P12298
14,1,train,P12321
15,1,train,P12343
16,3,train,P12364
17,2,train,P12063
18,1,train,P28784
19,3,val,A7A1P0
20,20,val,A0A044RE18
21,1,val,P43870
22,15,train,A5F5Y7
23,3,train,O26051
24,1,train,P44121
25,2,train,P18200
26,5,train,C8WJZ5
27,20,test,O05956
28,9,train,P06710
29,5,train,P52271
30,39,test,A8J0J0
31,496,train,A0K730
32,1,train,Q26896
33,31,train,E9CWP5
34,1,train,Q27450
35,7,val,O44249
36,1,val,Q27543
37,13,train,O43007
38,3,train,O75061
39,27,train,A2BTH1
40,3,train,Q3E8W4
41,1,train,Q3EDG5
42,1,val,Q42676
43,102,test,A0A4W3
44,1,train,Q43090
45,20,test,A1SGT4
46,4,train,P70873
47,2,train,Q27701
48,5,train,P0A4M1
49,1,train,Q54B33
50,7,train,O95302
51,2,train,Q70IY1
52,1,train,Q71F54
53,4,train,P43154
54,1,train,Q8KQN8
55,1,test,Q8L0V4
56,1,train,Q8L0Z4
57,2,train,Q70JP0
58,1,train,Q8L2S1
59,1,train,Q8L3A9
60,170,train,A0A386
61,1,train,Q8L539
62,75,train,A8XLL3
63,3,train,H8F3R6
64,16,train,B0RVK3
65,1,train,Q8VY10
66,11,train,A0JMU5
67,12,val,P00908
68,1,train,Q923S6
69,94,train,A0QX20
70,1,train,Q92445
71,8,train,A4IIY1
72,1,test,Q925F4
73,4,val,P76015
74,19,train,P04635
75,3,train,Q6KZM5
76,1,train,Q9I8N6
77,1,train,Q9I9M2
78,3,train,A6QNK1
79,8,train,A5A779
80,2,train,Q14296
81,22,test,A5DB51
82,1,train,Q9Y4L5
83,6,train,Q4U5R4
84,4,train,Q5E9Y9
85,3,train,P56677
86,3,train,Q9WTK2
87,3,train,A4IFD0
88,3,test,Q0IID7
89,15,train,A1KNJ7
90,90,train,A0R0S4
91,1,test,Q9Y7L7
92,2,train,P40308
93,1,train,Q9Y7Q6
94,1,train,Q9Y7R4
95,13,train,P53215
96,6,train,F4J4C8
97,1,train,Q9Y804
98,7,train,A0Q5Y6
99,27,train,A0K516
100,1,train,A5D7F8
101,1,train,A5D8Q0
102,1,train,A5D8S5
103,29,train,A5DCB6
104,1,train,A5DLR3
105,2,train,A7Z4Y0
106,4,train,A8W969
107,4,train,A8WJR8
108,1,train,A8X775
109,3,train,A8XI75
110,306,train,A0KNV3
111,1,train,O19098
112,14,val,A1A5Z0
113,3,train,O19175
114,259,val,A0L8B9
115,1,train,O20163
116,150,test,A2QMY6
117,1,train,O67475
118,108,train,A2X8Q3
119,1,val,P07527
120,2,train,P07603
121,1,train,P07635
122,39,train,B2ZGJ1
123,84,train,O26337
124,7,test,P07850
125,1,train,P07855
126,1,train,P20699
127,5,train,P20165
128,1,train,P20910
129,11,train,O27233
130,8,train,O66188
131,1,train,P21325
132,3,train,O15886
133,1,train,P34030
134,1,train,P34100
135,1,test,P34102
136,1,train,P34103
137,27,train,B2GV87
138,23,train,A1L1L3
139,102,test,A0R5D9
140,1,train,P34218
141,1,train,P34314
142,1,test,P34442
143,22,train,O60512
144,2,val,P48839
145,1,test,P48904
146,3,val,P30305
147,5,train,A5D7P0
148,20,val,O25867
149,5,train,O86109
150,3,train,P37711
151,1,train,Q05580
152,1,train,Q05609
153,1,train,Q05622
154,3,train,P15623
155,1,val,Q05688
156,2,train,P34751
157,18,train,O02604
158,5,train,A2YM35
159,255,train,A1BIZ8
160,122,train,A0KAZ7
161,210,train,A0KAG0
162,1485,train,A0AGP9
163,10,train,A0B3M8
164,1,train,Q44023
165,15,val,B8NWY6
166,1,train,Q44093
167,3,train,P21688
168,5,train,Q44273
169,1,train,Q44428
170,1,test,Q44492
171,1,train,Q44495
172,1,train,Q44558
173,1,train,Q44576
174,512,val,A0KAM1
175,522,train,A0AIG6
176,21,train,A3KP59
177,1,train,Q54KF3
178,1,train,Q54LH8
179,1,train,Q54LR6
180,1,train,Q54MH0
181,2,train,Q54MH8
182,1,val,Q54MV2
183,1,train,Q54MY9
184,1,train,Q54N73
185,3,train,Q54NB6
186,1,train,Q54ND5
187,1,train,Q54PK9
188,1,train,Q54QE4
189,1,train,Q54QG0
190,1,test,Q54QI2
191,3,train,Q2NL67
192,13,train,A7MBE4
193,5,val,P57078
194,1,train,Q5RF77
195,1,train,Q6AVN2
196,1,train,Q6AVZ9
197,1,val,Q6AYH3
198,13,train,O58231
199,11,test,Q7XA77
200,2,train,C7AU21
201,53,val,A5VPI9
202,4,train,A2YPT7
203,16,train,E1C5V0
204,1,test,Q7XLY8
205,2,train,B7ECS8
206,1,train,Q7XTV7
207,2,train,A2XW69
208,1,train,Q86IX1
209,206,train,A1L3K1
210,1,train,Q86PM4
211,4,train,D3ZGQ5
212,1,train,Q86T96
213,19,train,A9X1D0
214,1,train,Q86UK7
215,8,train,A6NNE9
216,1,train,Q86YT6
217,43,train,A0QVQ8
218,1,test,Q871A4
219,2,train,Q4WEP7
220,6,train,Q2U1H5
221,1,train,Q8G7X1
222,1,train,Q8G907
223,3,train,Q57662
224,15,train,A6VFM8
225,32,train,A0B471
226,31,train,A7MBU6
227,63,train,A3MVC9
228,4,val,O95237
229,3,train,O00187
230,3,train,Q9JJZ4
231,1,train,Q9JL16
232,4,train,O88907
233,3,train,P59644
234,2,train,Q7AJA5
235,4,train,B0B923
236,4,train,O84767
237,811,train,A0ALK8
238,4,train,P0AEY3
239,545,train,A0AJ67
240,5,train,B5YEL6
241,1,train,A0A1B4XBK0
242,502,train,A0AKC4
243,765,train,A0AHW2
244,459,train,A0AIA3
245,813,train,A0AI95
246,3,train,A2RHZ5
247,1,test,A7F0W2
248,781,train,A0AID2
249,166,train,A0JZC2
250,3,train,B3M268
251,548,train,A0JXB3
252,4,test,E9PT87
253,1,train,E9Q0N2
254,1,train,E9Q7F2
255,4,train,E9Q9A9
256,5,train,F0E1K6
257,236,test,A0BLX0
258,3,train,F1MM41
259,1,val,F1MRW8
260,12,train,F1N9Y5
261,653,train,A0A1P8B760
262,4,train,F1QGC8
263,5,train,F1QR43
264,3,train,O48700
265,1,train,O48837
266,1,val,O49500
267,11,train,A6QQ07
268,3,train,O95786
269,27,train,A6QP57
270,27,train,O60109
271,1,train,P11528
272,12,train,O27232
273,1,train,P11600
274,2,train,P0C0N0
275,1,test,P11727
276,1,train,P11804
277,2,train,P11837
278,1,train,P25582
279,1,train,P25710
280,3,train,P25736
281,2,train,P36204
282,708,train,A0AIV3
283,1,train,P36432
284,1,train,P36433
285,1,train,P36441
286,2,train,O31982
287,9,train,P35055
288,2,train,P36582
289,1,train,P36591
290,17,train,O26268
291,115,train,A0A0G2Q9F8
292,13,train,B5CY96
293,194,train,A0C1E4
294,1,train,P96771
295,5,train,O27434
296,1,val,P97207
297,1,train,P97224
298,11,train,P19468
299,3,train,O60733
300,1,train,Q03002
301,2,train,P20483
302,12,train,P07268
303,1,train,Q03032
304,10,val,A8X6H1
305,64,train,A5IQL3
306,1,train,Q03101
307,4,train,P21709
308,2,train,P08746
309,1,val,Q10724
310,1,train,Q10736
311,44,train,O09160
312,1,train,Q10B19
313,47,train,A0PMI0
314,6,train,Q10LI1
315,18,train,O81902
316,3,test,Q10SU5
317,345,train,A0B993
318,5,train,Q1RJQ6
319,5,test,Q1RMU2
320,1,train,Q3JSI8
321,1,test,Q5H071
322,2,train,Q5LZR6
323,1,train,Q5U780
324,8,test,G3KIM3
325,1,test,Q5UY62
326,2,train,Q18E49
327,1,train,Q5UZH5
328,470,train,A0A0H3KB98
329,3,train,P40386
330,1,train,Q67YI6
331,1,train,Q838U8
332,4,train,P04995
333,18,train,O22241
334,1,train,Q89AH3
335,10,train,P0DB58
336,2,train,Q8Q0G3
337,1,train,Q95RX5
338,3,train,O01404
339,1,train,Q95YM9
340,1,train,Q95ZV7
341,7,train,O82039
342,2,test,A8X679
343,1,train,Q9A716
344,10,test,O08557
345,13,train,P0A0T2
346,54,test,A1A7K6
347,14,train,F4HQM3
348,229,train,A0KF85
349,7,train,O88496
350,38,train,A1CHL0
351,1,test,Q9N289
352,3,train,Q8VYA1
353,7,train,P97259
354,1,train,Q9NH52
355,1,test,Q9NL38
356,1,train,Q9SQT8
357,232,val,A0KEX7
358,1,train,Q9SRQ8
359,4,train,Q5ZHY5
360,5,train,O48963
361,2,test,K7WIZ6
362,1,train,Q9SU29
363,116,test,A0KJH4
364,41,test,F4JLZ6
365,5,train,Q1RH40
366,4,val,O32178
367,1,train,Q9ZD46
368,508,train,A0AMG4
369,432,train,A0K9K6
370,98,train,A0KP35
371,3,val,A6TRS3
372,1,train,B0BLU1
373,570,train,A0AJM1
374,84,train,A1CL29
375,27,train,A1RRI0
376,10,val,A8A9B8
377,108,test,A2A1A0
378,1,train,O05156
379,2,train,A0A0H3MAA9
380,107,val,A0AIQ0
381,2,train,O34635
382,11,train,B9DGU7
383,4,train,O34673
384,2,test,O34757
385,132,train,A1AG09
386,2,train,O34813
387,9,train,A0R566
388,3,train,O34971
389,2,train,O35010
390,1,train,O35025
391,1,train,O35048
392,2,val,O94247
393,1,train,O94251
394,8,train,O48881
395,1,train,O94603
396,4,train,O94609
397,2,train,O94632
398,4,train,O94680
399,1,val,O94941
400,5,test,P0A6G3
401,1,train,P10887
402,15,train,A7E3S4
403,2,train,O68584
404,2,val,P11439
405,1,train,P23748
406,1,train,P23804
407,1,train,P23903
408,2,train,P23940
409,30,train,A8R3S4
410,1,test,P24075
411,1,train,P24114
412,9,train,P23388
413,1,train,P37197
414,3,train,P37352
415,1,train,P37475
416,4,test,D5TM67
417,49,train,A4IFJ5
418,8,train,P58003
419,1,train,P58101
420,198,train,A0KNL0
421,3,train,A0R5M8
422,6,train,A0AUR5
423,1,train,Q0IIM1
424,98,train,A0S5V9
425,9,test,P70218
426,3,train,Q12852
427,2,train,P39429
428,1,train,Q1JPB9
429,9,val,B0R8D5
430,1,val,Q26422
431,1,train,Q26486
432,1,train,Q26614
433,4,train,Q32KY6
434,1,test,Q49150
435,10,train,O27236
436,9,train,Q4R7G8
437,4,train,Q4R7I8
438,1,train,Q4R7K7
439,1,train,Q4R945
440,1,train,Q4TU14
441,44,train,A0A0K0JFP3
442,799,train,A0AEN2
443,5,train,Q1RK58
444,5,train,A5WW08
445,630,test,A0KEH8
446,1,train,Q5VRL3
447,17,train,A6NK06
448,2,train,Q4IER0
449,1,train,Q6C462
450,1,train,Q6C4C9
451,106,val,A2VDT1
452,1,train,Q6C519
453,59,val,A1C7T5
454,18,train,O74516
455,1177,test,A0A1D6GDY8
456,1,train,Q6CC11
457,2,val,P60354
458,1,train,Q8IW19
459,2,train,Q8CAS9
460,3,train,Q5I0E6
461,3,train,Q5Y5T3
462,1,train,Q8IYW5
463,16,train,O97799
464,29,train,A7GT16
465,3,train,Q724J4
466,1,train,Q99125
467,1,train,Q99316
468,10,train,D3ZSI8
469,2,train,Q61084
470,3,train,O35445
471,4,train,O95822
472,89,train,A3MSA1
473,780,train,A0AKJ8
474,105,train,A2BGT0
475,1,train,Q9LF64
476,1,train,Q9LFA2
477,27,train,C0LGD6
478,1,val,Q9LJK1
479,3,train,Q9LJL6
480,2,train,P43298
481,1,train,Q9UTH3
482,9,train,O88637
483,1,train,Q9UTK7
484,2,train,Q2U256
485,1,train,Q9UV68
486,34,train,E9PTT0
487,616,train,A0JVK2
488,21,train,A1C995
489,170,train,A0KGY4
490,5,train,A2RV01
491,2,train,A1AWS4
492,1,train,B1N1A2
493,1,train,B2WFD4
494,307,train,A0A0H2VA12
495,3,train,D2H788
496,1,train,D2HWM5
497,1,train,D2IYS2
498,11,val,O26820
499,31,train,A0RTV6
500,3,train,O28341
501,1,train,O80927
502,1,train,O81472
503,3,test,O82188
504,1,train,O82239
505,20,val,A1CIA7
506,1,train,P09232
507,2,train,O57672
508,32,train,O08680
509,2,train,P0C2D1
510,3,train,P0CJ40
511,1,train,P0DI91
512,1,train,P0DJJ5
513,1,train,P0DKH4
514,2,train,P0DKS9
515,1,train,P0DKT6
516,13,train,I7GQA7
517,28,train,C0LGD7
518,2,train,P23030
519,1,train,P23070
520,2,test,P23071
521,1,train,P23191
522,12,train,O94524
523,8,val,P08148
524,1,train,P36686
525,1,train,P36888
526,1,train,P49695
527,99,test,A4FUD9
528,1,val,P50045
529,1,train,P50046
530,224,val,A0R652
531,1,test,P58650
532,1,train,P58651
533,752,train,A0AJ83
534,1,train,Q09158
535,2,train,A8WTV9
536,11,train,P69478
537,5,train,A0QJI1
538,3,train,Q02527
539,16,train,O35789
540,1,test,Q09654
541,715,train,A0AJ48
542,1,train,Q52NW7
543,1,train,Q53317
544,1,train,Q53H47
545,4610,val,A0AIF0
546,1,train,Q53NI2
547,4,train,Q5ZIJ9
548,3,train,Q5ZIW1
549,1,test,Q5ZKH6
550,4,train,A2VDP1
551,8,val,O75460
552,1,test,Q76P07
553,1,test,Q76PD2
554,211,val,A0AJW4
555,1,train,Q79FW5
556,1,train,Q79LY0
557,69,val,A1KV07
558,3,train,Q13057
559,1,train,Q8MIT6
560,1,train,Q8MLZ3
561,1,val,Q8MQ70
562,1,train,Q8MY12
563,1,train,Q8MY85
564,1,train,Q8MY86
565,4,train,A1ZAG4
566,22,train,D4GTS4
567,3,test,O27637
568,1,test,Q8Z3E4
569,154,train,A0KHA2
570,1,train,Q9D842
571,1,train,Q9D9X6
572,1,train,Q9DAH2
573,6,val,P59083
574,7,train,Q16828
575,1,train,Q9DBU5
576,5,train,Q28GL3
577,5,train,Q5BK17
578,1,train,Q9PQ21
579,2,train,P35050
580,1,test,Q9YGY4
581,4,train,Q9YH98
582,2,train,O00311
583,3,train,Q2KIP2
584,1,train,Q9Z138
585,9,train,O14133
586,1,train,A2VDM8
587,2,train,A2VDZ4
588,1,train,A2VEY9
589,1,train,A2WPU3
590,11,train,A2XFC7
591,20,train,A3UNN4
592,753,train,A0AK41
593,172,train,A0KKI5
594,392,train,A0AJC9
595,93,val,A1A788
596,2208,train,A0AIX3
597,8,test,A1L2G3
598,28,train,B8LWT1
599,713,train,A0AK40
600,2,train,C7P8V7
601,64,train,A0JWY6
602,1,test,O24926
603,1,train,O25093
604,1,train,O25103
605,1,train,O66680
606,3,train,O66810
607,100,train,A1JNZ8
608,103,train,A0QX93
609,64,train,A0PZT1
610,1,train,P05148
611,2,train,P0CP88
612,2,train,P0CP92
613,1,train,P0CP98
614,1,train,P0CP99
615,1,train,P0CQ63
616,1,train,P20300
617,1,train,P20370
618,1,train,P20584
619,1,train,P20609
620,1,train,P20610
621,1,train,P20622
622,1,train,P20623
623,1,train,P20655
624,17,train,P30577
625,1,train,P30634
626,1,train,P30641
627,1,train,P30645
628,1,train,P30663
629,1,val,P30809
630,1,train,P30815
631,1,train,P30887
632,2,train,P30907
633,30,train,B2GV06
634,4,train,O53076
635,4,train,P53816
636,1,train,P53874
637,2,train,A6ZRW7
638,1,val,P53933
639,1,test,P53961
640,1,train,P54084
641,1,train,P54197
642,1,train,P54199
643,13,train,E1BMF7
644,1,train,P54212
645,1,train,P54271
646,208,train,A0A075B759
647,7,train,P10809
648,12,train,P10265
649,1,train,P86807
650,1,train,P86830
651,1,train,P86911
652,4,train,P86924
653,1,train,P86979
654,1,train,P87050
655,1,train,P87176
656,1,train,P87241
657,1,train,P90648
658,1,train,P90895
659,1,val,P91247
660,1,train,P91759
661,3,train,Q06SE7
662,1,train,Q06ZW3
663,14,test,O17966
664,60,train,A1AHB7
665,1,train,Q07292
666,1,train,Q07407
667,1,test,Q07457
668,1,val,Q0TVF9
669,46,train,A1CIJ6
670,1,train,Q1ZXR2
671,1,train,Q20296
672,6,train,Q1JQD7
673,14,train,O00469
674,41,train,A0AAS4
675,438,train,A0K648
676,4,train,Q2THW8
677,1,train,Q33093
678,1,train,Q45305
679,23,train,O33405
680,1,train,Q460N3
681,18,train,O66842
682,1,train,Q46506
683,1,test,Q4H3K6
684,1,train,Q4H4E3
685,1,test,Q4H4E9
686,1,train,Q4H4F7
687,24,train,P0C1I1
688,1,train,Q4I7N9
689,9,train,Q0C9E6
690,1,train,Q4IE79
691,73,train,A5IGB8
692,1,val,Q4INZ9
693,1,train,Q4IPB3
694,1,train,Q4WMV5
695,11,train,Q04089
696,1,train,Q5BKL8
697,41,test,O77666
698,8,val,O15327
699,1,train,Q5RAK3
700,6,train,P28825
701,1,train,Q61UC4
702,1,val,Q621J7
703,3,train,O08629
704,5,val,Q03146
705,3,train,P51617
706,2,train,O18209
707,8,train,Q22017
708,1,train,Q62838
709,93,train,A0JSP6
710,656,train,A0ALT4
711,13,train,C0H3X7
712,444,train,A0AIB8
713,1,train,Q7UWB5
714,1,train,Q8G4G1
715,16,train,O67365
716,2,train,Q0TR53
717,6,train,P30967
718,1,test,Q9HUI3
719,66,train,A1JM47
720,2,train,Q02SZ7
721,5,train,Q55168
722,10,train,O67091
723,10,val,O27745
724,1,train,Q9V302
725,1,train,Q9V6K3
726,20,test,A5D7I4
727,74,test,A1ADE0
728,1,test,Q9VBW3
729,1,test,Q9VBX2
730,13,val,A4HQI9
731,225,train,A0MTQ2
732,1,val,A2Y040
733,124,test,A0AXK2
734,1,train,A2ZAC2
735,1,val,A3A8Q4
736,11,train,A3AZW5
737,15,train,A4FW56
738,1,train,A9RVK2
739,1,train,A9SY39
740,3,train,A9JTP3
741,5,train,A6NNW6
742,1,train,A9V2C1
743,13,train,A0JM59
744,731,train,A0AIW1
745,4,test,B2RUR8
746,2,train,B2RYR0
747,246,test,A0KHC4
748,258,train,A0KSQ8
749,1,train,B5YJ35
750,572,train,A0AH03
751,3,train,C0LGH8
752,1,train,C0LGK4
753,17,train,A6T8R9
754,5,train,C9XIS6
755,2,train,O14172
756,4,test,O14353
757,11,train,A1C4H2
758,2,train,O14427
759,11,train,G5EFD9
760,18,train,A9WC34
761,1,train,O59647
762,1,val,O59667
763,149,test,A9RAG2
764,4,train,P0ADR8
765,89,train,A1AE69
766,2,train,P0AE12
767,5,train,O60993
768,3,train,P09169
769,1,train,P17896
770,1,val,P18126
771,8,train,P29025
772,1,train,P29032
773,1,train,P29058
774,1,test,P29091
775,1,test,P29126
776,1,train,P29127
777,2,train,P29166
778,5,train,O06928
779,2,train,P29352
780,2,train,P29372
781,2,train,P08923
782,1,train,P43050
783,1,train,P43078
784,8,train,P09237
785,1,train,P51035
786,8,train,P51031
787,1,train,P51076
788,1,train,P51120
789,44,test,A5D7T4
790,10,train,G3XDD8
791,1,train,P61250
792,3,train,O97401
793,1,val,P82456
794,6,train,O15344
795,1,train,P82536
796,1,train,P82543
797,1,val,P82604
798,1,val,P82678
799,1,train,P82798
800,1,val,P82902
801,1,val,P83001
802,1,train,P83179
803,710,val,A0B0V3
804,1,train,P83505
805,1,train,P83513
806,1,train,P83657
807,1,train,P83772
808,1,train,Q02555
809,1,val,Q02724
810,4,train,Q02770
811,1,train,Q02854
812,15,train,O14023
813,1,train,Q02940
814,1,train,Q05185
815,8,train,Q15040
816,793,train,A0AI76
817,1,train,Q31651
818,591,val,A0K916
819,8,train,Q4A127
820,1,train,Q4V7X9
821,19,train,A7E2Z2
822,1,train,Q4V8R6
823,16,train,A2CI34
824,1,val,Q59674
825,13,train,P00936
826,1,test,Q59767
827,1,test,Q59918
828,1,val,Q5RBR0
829,7,test,P15287
830,6,train,Q2QM47
831,2,train,P34537
832,3,val,O15146
833,2,train,Q5R814
834,22,test,A0A0B4K692
835,471,val,A0AJL9
836,26,train,A1W1H0
837,1,train,Q7KVS9
838,5,train,A4IHS0
839,15,train,O08759
840,1,train,Q7LZG3
841,1,train,Q7LZQ6
842,1,val,Q7M0V7
843,1,val,Q7M290
844,1,val,Q7M323
845,2,train,Q7M3V3
846,2,train,Q895G2
847,1,train,Q895U7
848,204,train,A0L0D3
849,2,train,B3LF48
850,1,train,Q94CU5
851,1,train,Q94F30
852,6,val,C0SQ89
853,68,train,A0PDV5
854,1,test,Q94FY7
855,15,train,A6QPY8
856,1,train,Q94JQ4
857,331,train,A0AK10
858,1136,train,A0ALD9
859,7,train,P0C216
860,1,train,Q9RFA0
861,2,val,Q05608
862,12,train,A5F5Y3
863,1,val,Q9Z913
864,10,train,O06923
865,1,train,Q9ZAA8
866,7,train,A9KLZ5
867,159,train,A0PZY2
868,506,train,A0B8M6
869,22,train,D4AMB9
870,1,train,O07717
871,105,train,A4VQV5
872,1,train,O07777
873,1,train,O07778
874,4,test,O07921
875,1,train,O59718
876,1,train,O59747
877,1,train,O59825
878,22,train,B0R7C0
879,6,train,P05468
880,1,train,P09870
881,22,train,O07344
882,1,train,P13570
883,2,test,P07598
884,3,train,P13636
885,1,test,P13656
886,1,train,P13658
887,1,val,P13717
888,1,val,P13722
889,5,train,P13734
890,1,train,P13774
891,2,train,P13799
892,1,train,P13858
893,1,test,P31843
894,1,train,P31860
895,1,train,P31874
896,1,train,P31925
897,1721,train,A0A0H2VA68
898,1,train,P31959
899,3,train,P31960
900,1,train,P32023
901,5,val,O13739
902,1,train,P32185
903,1,train,P56100
904,1,train,P56200
905,2,train,B2RKU0
906,1,train,P95506
907,11,train,P05361
908,2,test,P96111
909,1,train,Q03533
910,1,test,Q03563
911,21,train,A0JN54
912,2,train,Q03796
913,2,train,O74859
914,1,train,Q08824
915,1,train,Q08930
916,1,train,Q0S8V5
917,1166,val,A0AF03
918,1,train,Q2RI40
919,95,train,A0A344
920,1,train,Q40469
921,14,train,A1YPR3
922,4,train,Q5M954
923,8,train,Q3SWY5
924,1,train,Q6PBI4
925,1,train,Q6PC78
926,7,train,A4IH61
927,8,val,F4HPP7
928,2,train,O94972
929,6,val,A0AVI4
930,5,train,Q61010
931,4,train,Q5XHG1
932,1,train,Q6PFK1
933,1,train,Q7N8B1
934,3,val,A0A0H3GM48
935,7,train,Q12548
936,3,train,Q14527
937,34,train,A5D6R3
938,1,train,Q95KF1
939,20,train,O08738
940,1,val,Q9FMM4
941,1,train,Q9FMN2
942,23,train,O22199
943,2,train,Q9FNJ9
944,3,train,Q4FE47
945,1,train,Q9FPR3
946,1,train,Q9FPS4
947,1,train,Q9FPS9
948,11,train,O19071
949,11,test,A2VDU3
950,5,val,A4VCL2
951,1,train,Q9XU42
952,10,train,A8XWC4
953,55,train,A8Y236
954,4,train,O35826
955,1,train,Q9Y252
956,2,train,Q61083
957,3,train,B6CJY4
958,1,train,A0QLI5
959,549,train,A0JT43
960,33,train,A1CNY3
961,7,train,B3SGL0
962,1,train,B5APK2
963,21,train,A1JL12
964,287,train,A0AJ41
965,187,train,A6H4Q6
966,99,train,A0R4S9
967,11,train,A0RV30
968,19,train,B0F0H3
969,3,train,E1BD59
970,9,train,B1WAR9
971,1,train,O51338
972,22,train,A5HXX7
973,1,val,P00733
974,18,train,P00768
975,1,test,P00778
976,194,test,A0K936
977,1,train,P13019
978,1,train,P13062
979,1,train,P13064
980,1,train,P13155
981,31,train,P07056
982,1,train,P13369
983,1,train,P13387
984,1,train,P13440
985,1,val,P13490
986,2,train,P13497
987,1,val,P13502
988,9,train,O33948
989,1,train,P31051
990,33,train,A1VZQ6
991,310,train,A0A077K8G3
992,1,train,P31155
993,1,train,P31156
994,1,train,P31178
995,4,train,P31180
996,1,train,P31186
997,9,train,P31188
998,1,train,P31194
999,1,train,P31203
1000,15,train,P0AF93
1001,2,train,P40711
1002,1,train,P45509
1003,1,train,P45573
1004,1,val,P54736
1005,2,train,P54741
1006,14,val,A0QXE4
1007,2,test,P54860
1008,1,train,P54865
1009,12,val,O04015
1010,1,train,P80250
1011,1,train,P80268
1012,4,train,P34913
1013,1,train,P80346
1014,1,train,P80427
1015,1,train,P80541
1016,1,train,P80560
1017,3,train,I3R9M8
1018,1,train,P80654
1019,2,train,P80740
1020,1,train,Q119Z5
1021,1,train,Q2YKD6
1022,173,train,A0B2F7
1023,3,train,B0BK71
1024,42,train,A0PRG8
1025,18,train,D5JAJ1
1026,2,train,Q46CH4
1027,9,train,O21260
1028,5,train,A0R3N5
1029,187,train,A1A7L1
1030,2,test,Q504Y2
1031,2,test,Q3U8K7
1032,3,train,Q08DZ2
1033,1,train,Q63364
1034,2,train,O02695
1035,1,train,Q75D88
1036,1,train,Q75JU2
1037,23,val,A7SG73
1038,1,train,Q75QN6
1039,2,train,Q2U5P1
1040,540,train,A0K4S0
1041,5,train,A7MRY3
1042,2,train,D3ZBM4
1043,1,train,Q8N7E2
1044,3,train,Q54DV0
1045,3,train,Q5REG4
1046,1,train,Q8NA82
1047,4,train,G3V9D0
1048,1,train,Q8NCN4
1049,1,train,Q8NEG5
1050,1,train,Q8NG27
1051,5,train,P51957
1052,2,train,E7FI45
1053,8,test,P42663
1054,269,train,A0AYX8
1055,45,train,A0B533
1056,2,train,Q7BLV3
1057,1,test,Q9Z3Q0
1058,36,train,A2RNT9
1059,1,train,Q9Z4P6
1060,200,train,A0KPL4
1061,415,train,A0AJY0
1062,4,train,A4IGY9
1063,20,train,A0Q2W0
1064,753,val,A0A360
1065,1,train,D3YYI7
1066,2,val,D3Z3K2
1067,3,val,D4ACP5
1068,1,train,D4AJR9
1069,8,train,D4AM78
1070,85,val,A2XCN6
1071,1,test,D4AT07
1072,15,train,A2BK57
1073,192,train,A0KGH7
1074,9,test,O27748
1075,6,val,O07835
1076,7,train,O27906
1077,28,train,A2VEA3
1078,1,train,O76997
1079,285,test,A2XMN2
1080,1,train,P08757
1081,3,train,P0CN14
1082,2,train,P0CO40
1083,31,train,O94395
1084,2,train,P0CO64
1085,8,train,P21328
1086,1,train,P21370
1087,1,train,P21514
1088,1,train,P21776
1089,1,train,P32562
1090,1,train,P32567
1091,1,train,P32586
1092,50,train,A5PL98
1093,3,train,P24599
1094,2,train,P56950
1095,2,train,P98052
1096,154,train,A6H4Q5
1097,1,train,P98073
1098,8,val,A1W0U6
1099,1,train,Q0QEL7
1100,1,train,Q0QLF1
1101,1,test,Q0QLF2
1102,1,train,Q0QLF7
1103,1,train,Q1EAR5
1104,1,test,Q2PP52
1105,499,train,A0K9N9
1106,2,train,Q2QTL0
1107,10,train,A9RBS1
1108,1,val,Q2RBJ4
1109,13,train,O75439
1110,1,train,Q4WAQ9
1111,69,train,A1DA64
1112,2,train,Q2U9B0
1113,16,test,A1C499
1114,19,train,B2FSW8
1115,5,train,O32857
1116,2,train,O27228
1117,6,train,O58778
1118,1,train,Q5R476
1119,1,train,Q5R4I2
1120,1,val,Q60DG4
1121,11,train,P64948
1122,61,test,A2RCP2
1123,2,train,P23874
1124,8,train,P65825
1125,1,train,Q8UVR8
1126,3,train,Q866Y3
1127,60,train,A0Q380
1128,2,train,Q97D82
1129,3,train,Q1L721
1130,7,train,Q4KLY4
1131,2,train,Q5VV17
1132,1,train,Q9KEI9
1133,1,train,Q9RLB8
1134,1,train,Q9RLM3
1135,3,train,Q8ZY48
1136,3,train,Q9RPW2
1137,2,test,Q9RPW5
1138,3,train,Q9RQ82
1139,1,train,Q9RQQ9
1140,1,train,Q9RQZ7
1141,40,train,A2XL32
1142,291,train,A0A334
1143,6,train,P09172
1144,2,train,A0R3C4
1145,1,train,A0R5G1
1146,6,test,A0R5M9
1147,4,train,A0R5N0
1148,12,train,A0R5T2
1149,624,val,A0A0H2XEA6
1150,56,train,A1RR50
1151,170,train,A0KHE0
1152,21,train,A0B632
1153,42,val,A1AFY1
1154,7,train,A9W185
1155,279,train,A0JRH2
1156,1,train,B8NM74
1157,1,train,F4J9Q6
1158,6,train,F4JEQ1
1159,1,train,F4JP52
1160,2144,train,A0A0P0XII1
1161,6,train,A1L251
1162,1,train,F4K1B1
1163,3,train,F4KBF5
1164,18,train,A6ZYQ3
1165,1,test,F4KFT7
1166,361,val,A0AEM0
1167,2515,train,A0A0D3MJQ5
1168,1,train,F6N7K6
1169,1,val,O87726
1170,1,train,O87939
1171,1,train,O87942
1172,1,train,O87944
1173,4,train,A0JNU3
1174,1,train,P14633
1175,13,train,B8Y466
1176,1,val,P14718
1177,165,train,A6ZME2
1178,2,train,P14870
1179,4,train,P14902
1180,1,train,P27158
1181,1,train,P27174
1182,3,train,P24518
1183,2,train,P11987
1184,1,train,P27458
1185,37,train,A0R4C9
1186,1,test,P27561
1187,1,test,P27636
1188,1,test,P27644
1189,1,train,P39848
1190,32,train,P08509
1191,1,train,P40017
1192,1,train,P40072
1193,5,test,P27580
1194,1,train,P40136
1195,1,train,P40178
1196,3,train,P44443
1197,5,test,P28630
1198,10,train,A0QS28
1199,1,train,P70954
1200,28,train,A0R0B2
1201,1,train,P71317
1202,1,train,P72065
1203,1,train,P72216
1204,1,val,P72314
1205,3,train,P9WQ20
1206,7,train,D3ZVM4
1207,1,train,Q1Q0T2
1208,57,train,A0A0C5PHQ7
1209,639,train,A0AI81
1210,3,train,Q5M929
1211,8,train,Q3T0W3
1212,6,train,D2I3C6
1213,11,train,G5EFE7
1214,32,train,A1C4B8
1215,5,train,Q06667
1216,4,val,P38911
1217,3,train,Q6CWM4
1218,2,train,Q6L8S8
1219,1,test,Q7S304
1220,1,train,Q7S6M5
1221,1,train,Q7SBX8
1222,1,train,Q7SCN0
1223,559,train,A0JWY8
1224,1,test,Q8EXQ7
1225,1,train,Q8L649
1226,1,train,Q8L6J2
1227,1,test,Q8L6J4
1228,1,train,Q8L727
1229,1,test,Q8L9T5
1230,2,train,Q8L9W3
1231,1,train,Q8LBL5
1232,1,train,Q8LE94
1233,1,train,Q8LFY8
1234,2,train,Q39147
1235,2,train,Q8SR56
1236,4670,val,A0A1D6LAG9
1237,1,train,Q9AIX7
1238,1,train,Q9AJF7
1239,1,train,Q9AQC8
1240,4,train,A5W059
1241,21,train,O14011
1242,1,train,Q9HZX3
1243,1,test,Q9I1X7
1244,1,train,Q9I2L4
1245,1,train,Q9I2N0
1246,2,train,Q80WG7
1247,2,val,Q6ZQF7
1248,1,train,Q9NQW5
1249,3,train,A6QPM3
1250,5,train,A0FI79
1251,2,train,Q9NS91
1252,3,train,Q91XB0
1253,7,train,Q0J035
1254,2,train,Q8VEG4
1255,1,train,Q9NVW2
1256,2,val,Q9CR14
1257,7,val,Q0X0A5
1258,2,train,Q9ESL4
1259,1,train,Q9SW11
1260,3,train,P24261
1261,11,val,F4JJL0
1262,1,train,Q9SZ42
1263,1,train,Q9SZ63
1264,1,val,Q9SZL4
1265,35,train,A1VYV6
1266,25,train,O50017
1267,19,val,A1C603
1268,95,test,A1CCP2
1269,24,train,A1CQG2
1270,9,train,A1CTI3
1271,49,train,A4FVV0
1272,302,train,A0AM16
1273,1,train,A6QXU0
1274,3,train,A6YGE0
1275,17,train,A6ZRK4
1276,535,train,A0AIY0
1277,308,train,A0KEX6
1278,5,train,A2AXG5
1279,315,train,A0AJ20
1280,1,train,O67646
1281,319,test,A0K493
1282,1,train,O67779
1283,26,val,F4INA9
1284,1,train,O68045
1285,1,train,O68248
1286,1,train,P07112
1287,100,test,A1CFK9
1288,17,train,A2X5H5
1289,737,val,A0AKD7
1290,6,train,P00372
1291,1,train,P22624
1292,1,train,P22635
1293,1,train,P22658
1294,1,train,P22659
1295,9,train,O60045
1296,4,test,P22699
1297,1,train,P22751
1298,1,val,P22840
1299,9,train,B2DD29
1300,1,train,P35018
1301,3,train,K4LAH1
1302,1,test,P35484
1303,262,train,A0K8U6
1304,154,train,A0PWB3
1305,49,train,A0A024RXP8
1306,898,train,A0A1F3
1307,6,test,E0U174
1308,526,train,A0B8F1
1309,2,train,P60834
1310,1434,train,A0A162J448
1311,1,test,P79280
1312,4,train,P11372
1313,11,train,E2RH47
1314,5,train,O70362
1315,1,train,P80197
1316,1,train,Q0WPH8
1317,1,train,Q0WPJ7
1318,1,train,Q0WVW7
1319,2,train,Q0WX00
1320,10,train,A1A4I4
1321,7,train,Q02779
1322,756,test,A0A0H2VKG8
1323,31,train,C3YWU0
1324,560,train,A0AIM3
1325,52,val,O17607
1326,716,train,A0AFC3
1327,2,train,P0CQ62
1328,1,train,Q4P5U1
1329,1,test,Q4P7H2
1330,1,train,Q4PB56
1331,1,train,Q4PBL3
1332,156,train,A2YPX3
1333,2,train,Q5NVC7
1334,1,val,Q6DBN5
1335,5,test,Q5ZIA0
1336,1,train,Q6DFR2
1337,5,train,Q6DIP3
1338,1,train,Q6DJN2
1339,8,train,O46411
1340,6,train,O57383
1341,24,test,A6L089
1342,1,train,Q6MFY6
1343,1,train,Q7X5L2
1344,1,train,Q7X843
1345,1,train,Q84WW6
1346,1,val,Q852L0
1347,1,test,Q852U6
1348,1,train,Q85G45
1349,3,train,O88422
1350,2,train,Q7Z3E1
1351,5,test,F1R777
1352,29,train,B4LVU6
1353,2,train,Q66K89
1354,3,train,Q54YW4
1355,12,train,P00736
1356,2,train,Q8CFI0
1357,4,test,O95479
1358,2,train,O15033
1359,2,train,Q6PCD5
1360,3,train,O75150
1361,3,train,Q5M870
1362,60,val,O24714
1363,115,val,A1A789
1364,24,train,B9RU15
1365,1,train,Q8ZPP6
1366,2,train,D0ZRB2
1367,2,train,Q97GC0
1368,1,train,Q9FG08
1369,34,test,O22255
1370,1,train,Q9FGD7
1371,43,test,A0A0P0WY03
1372,7,train,A2X6X1
1373,7,train,O93988
1374,2,train,O80831
1375,29,train,B9FDE0
1376,1,train,Q9FHE1
1377,4,train,O81851
1378,12,train,O49691
1379,1,val,Q9M022
1380,2,test,Q8GV50
1381,34,val,A6NGU5
1382,5,train,Q6DR03
1383,2,train,Q9LXN8
1384,1,train,Q9M2S6
1385,61,train,O04138
1386,3,train,O83462
1387,1,train,Q9M364
1388,4,train,O17850
1389,1,train,Q9M3B6
1390,24,train,A9CH39
1391,1,train,Q9SB51
1392,84,train,A1CE56
1393,1,train,Q9SF47
1394,12,train,O13853
1395,1,train,A0LHE3
1396,532,train,A0AJM6
1397,212,train,A0KEL1
1398,726,train,A0AK12
1399,810,train,A0A367
1400,10,train,A4FVW2
1401,518,train,A0AK95
1402,12,train,A2STU3
1403,288,train,A0AI91
1404,45,train,A0A0K8P8E7
1405,1,train,B8V7P3
1406,51,train,A4KAG7
1407,1,train,B8YG19
1408,433,train,A0K866
1409,2,val,E3PRJ4
1410,1,train,E3PY96
1411,2,test,C1FW06
1412,18,train,A2QM49
1413,1,train,E3RNJ5
1414,1,train,E3YBA4
1415,1,train,O27225
1416,2,train,O27276
1417,2,train,O27479
1418,1,train,O66127
1419,1,train,O66186
1420,1,train,O66187
1421,1,train,P04193
1422,16,train,O22769
1423,43,test,A4YHC9
1424,2,train,P04748
1425,618,train,A0AL52
1426,1,train,P18268
1427,1,train,P18269
1428,1,test,P18270
1429,10,train,A2R4D1
1430,6,train,P00734
1431,1,train,P18475
1432,2,train,P30189
1433,1,train,P30269
1434,1,train,P30271
1435,1,train,P30289
1436,1,train,P30303
1437,4,train,A7MBD1
1438,4,train,P30308
1439,30,train,O25424
1440,1,train,P30525
1441,3,train,P29769
1442,1,train,P43290
1443,1,train,P43317
1444,3,train,P04362
1445,1,val,P43395
1446,1,test,P43417
1447,1,test,P43418
1448,17,train,P00642
1449,1,test,P43504
1450,213,train,A0A0A7XNA3
1451,1,train,P43588
1452,325,train,A0A096ZEC9
1453,880,train,A0A0D2YG05
1454,1,test,P52833
1455,13,train,P61797
1456,1,train,P61897
1457,3,train,O27002
1458,1,train,P62019
1459,1,train,P77986
1460,1,train,P78067
1461,4,test,P76159
1462,1,test,P78317
1463,22,train,A6ZN61
1464,2,train,P78746
1465,2,train,P79152
1466,18692,train,A0A024SH20
1467,3,train,P95619
1468,1,train,Q00987
1469,1,train,Q01170
1470,5,train,P31318
1471,1,train,Q29000
1472,15,train,O02853
1473,2,train,P45975
1474,5,val,P04061
1475,2,train,Q29535
1476,1,train,Q297V5
1477,1,train,Q2NB77
1478,11,train,A1JKD8
1479,10,train,Q32P28
1480,1,train,Q4KLR8
1481,1,train,Q4KLT0
1482,18,train,O82567
1483,7,train,A9JTS5
1484,8,train,O34351
1485,1,train,Q568K2
1486,127,train,A0KJ91
1487,3,train,Q7TS72
1488,2,train,Q7TSG2
1489,2,train,Q82EB2
1490,537,train,A0AK06
1491,15,train,A0AMA3
1492,3,val,O86938
1493,45,train,A4G0Z0
1494,41,train,O22507
1495,2,test,D4GW05
1496,118,test,A0B8N3
1497,3,test,P10047
1498,116,train,A1JQV7
1499,1,test,Q9P7L3
1500,3,train,P38066
1501,1,train,Q9P7S5
1502,1,test,Q9P7W9
1503,4,train,Q87BI2
1504,52,train,A5IU64
1505,17,train,A2RRU1
1506,7,train,O88508
1507,2,test,Q940Q4
1508,1,train,Q9ZVT8
1509,7,train,Q10075
1510,2,train,R1ENF4
1511,2,train,A3KFX0
1512,9,train,A3KQS4
1513,255,train,A0K2V4
1514,33,val,A2SQG9
1515,358,train,A0K923
1516,1,train,A8ITB0
1517,1,train,A8JR14
1518,1,train,B7LVP2
1519,420,train,A0AHX9
1520,5,test,F1MH24
1521,1,train,F1SVE1
1522,1,train,F2JXJ3
1523,1,val,F2NV13
1524,31,train,A5GPV1
1525,2,train,F4HQ23
1526,1,train,F4HVG8
1527,1,train,F4HWL4
1528,1,test,F4IDI6
1529,2,train,F4IRQ5
1530,1,train,F4IY62
1531,1,train,O44552
1532,1,train,O44628
1533,1,train,O45797
1534,1,test,O45962
1535,1,train,O46660
1536,3,train,P00862
1537,1,train,P00863
1538,1,test,P00881
1539,1,val,P00896
1540,2,train,P02904
1541,1,val,P10477
1542,1,train,P10478
1543,1,val,P10547
1544,1,train,P10548
1545,15,train,A7HD43
1546,2,val,P10595
1547,4,val,P10731
1548,1,test,P10773
1549,4,train,P07167
1550,1,train,P10801
1551,3,train,P0AE04
1552,10,train,P08988
1553,790,train,A0AIY1
1554,1,train,P29934
1555,1,test,P49053
1556,9,train,P49172
1557,2,train,P22291
1558,1,train,P59724
1559,492,train,A0AJR0
1560,51,train,O25004
1561,22,train,P06622
1562,1,train,Q01988
1563,13,train,A5A6P2
1564,2,val,O13339
1565,3,test,P53204
1566,2,train,O29206
1567,88,train,A2ADU9
1568,8,train,A0A0K9RDW0
1569,6,train,O80763
1570,1,train,Q0JMV4
1571,2,train,Q05JY7
1572,274,train,A0AJD5
1573,3,val,P35149
1574,1,train,Q183R7
1575,2,train,D2KBH9
1576,2,train,O21049
1577,6,train,O21042
1578,5,train,B5XAM2
1579,3,train,Q3U2C5
1580,1,train,Q3U319
1581,2,train,Q3U5Q7
1582,1,test,Q3U827
1583,2,train,Q3UD82
1584,2,train,Q3UDW8
1585,1,train,Q3UIR3
1586,21,train,P06875
1587,1,train,Q54EG9
1588,1,test,Q54EM1
1589,1,train,Q54F40
1590,1,train,Q54FR9
1591,2,train,Q54G43
1592,8,train,P07244
1593,11,train,P54922
1594,5,train,P55798
1595,1,train,Q54IL7
1596,26,val,O62696
1597,6,train,O88618
1598,1,train,Q54JQ1
1599,12,train,E7FHN9
1600,336,train,A0AK66
1601,1,test,Q60524
1602,2,val,P54762
1603,17,train,O14026
1604,9,train,P53314
1605,7,train,P40034
1606,8,train,O60157
1607,2,train,A3DIJ8
1608,1,val,Q8BRX9
1609,3,train,Q12797
1610,2,train,O95628
1611,2,test,Q8BUH7
1612,5,val,Q1JQA1
1613,7,train,O75582
1614,17,train,A2ZLU6
1615,1,test,Q8GUH1
1616,1,train,Q8GUK7
1617,4,val,Q8GUU2
1618,1,train,Q8GW38
1619,1,val,Q8GWA2
1620,1,train,Q8GWB7
1621,1,train,Q8GXF8
1622,9,train,O14144
1623,2,val,Q8GY87
1624,1,train,Q8GYT9
1625,1,train,Q8GZ84
1626,1,train,Q8W4K1
1627,1,train,Q8W4N3
1628,55,train,A1CC12
1629,5,test,Q4QQN5
1630,2,train,Q5NCC3
1631,2,val,Q32LN5
1632,10,train,Q28EX9
1633,3,train,Q8WYK0
1634,3,train,Q6ZQM0
1635,10,train,O00115
1636,1,train,Q9KTU4
1637,1,train,Q9KUH2
1638,1,val,Q9VWN5
1639,4,train,P51659
1640,1,train,Q9VYB7
1641,13,train,F1QG30
1642,1,train,Q9W0V1
1643,1,train,Q9W2Q7
1644,21,val,A3LQ55
1645,1,train,Q9W4S9
1646,4,val,Q5E9N5
1647,1,train,Q9WTV7
1648,549,train,A0AK94
1649,65,train,A0LRE3
1650,1,val,A3DH97
1651,2,train,A4X3Q0
1652,540,train,A0K922
1653,20,train,A0KXU5
1654,82,test,A0PSI5
1655,389,train,A0AIR0
1656,1,train,B3A0Q6
1657,489,train,A0AIC9
1658,1,train,O08615
1659,2,train,A1E2V0
1660,19,val,B1H3H9
1661,1,train,O09112
1662,14,test,O08739
1663,1,train,O31852
1664,1,train,O32041
1665,20,train,A5PK51
1666,2,train,O32141
1667,1,train,O32147
1668,1,val,O32215
1669,2,train,O32274
1670,1,test,O32719
1671,60,train,A6Q367
1672,94,train,O18937
1673,1,train,P08036
1674,1,train,P0C6E7
1675,2,train,A5F7A4
1676,2,test,P0C6Y7
1677,18,train,B0RVK6
1678,1,val,P0C8L9
1679,1,train,P17055
1680,1,val,P17118
1681,1,test,P17224
1682,1,train,P17554
1683,222,train,A1A048
1684,1,train,P17571
1685,4,test,P17627
1686,1,train,P27864
1687,5,train,P0AFA2
1688,2,train,P27988
1689,2,val,P28017
1690,1,train,P38254
1691,2,train,P38291
1692,1,train,P38462
1693,1,test,P38534
1694,3,train,P14775
1695,1,train,P38551
1696,1,train,P38590
1697,14,train,B0R7U1
1698,4,test,O59802
1699,26,train,A0R611
1700,1,train,P47042
1701,4,train,A6ZPT1
1702,1,train,P47058
1703,2,train,P47315
1704,2,train,P56273
1705,1,test,P56406
1706,1,train,P56527
1707,1,train,P56568
1708,3,train,O32333
1709,1,val,P56584
1710,1,train,P56599
1711,4,train,P20161
1712,21,train,O05650
1713,61,train,A1CIU4
1714,1,train,P81055
1715,1,train,P81080
1716,1,train,P81124
1717,36,train,A5PK46
1718,1,train,P81246
1719,1,train,P81375
1720,1,train,P81429
1721,11,test,P25006
1722,2,train,P81453
1723,1,train,P81494
1724,1,train,P81593
1725,1,test,P81664
1726,1,train,P81669
1727,3,test,O81959
1728,17,train,C0HK98
1729,1,train,P81898
1730,1,train,Q02114
1731,1,train,Q02285
1732,1,train,Q02290
1733,1,train,Q07722
1734,2,train,Q07736
1735,1,test,Q07762
1736,3,train,P34163
1737,3,train,Q07838
1738,1,val,Q07G42
1739,1,train,Q10038
1740,3,train,P36016
1741,20,train,O01391
1742,1,train,Q10175
1743,3,train,P09880
1744,1,train,Q10322
1745,3,train,Q00973
1746,1,train,Q10663
1747,1,train,Q2H6X2
1748,1,train,Q2HCV7
1749,1,test,Q2HIJ8
1750,2,val,Q2HVD6
1751,13,train,P0C1U7
1752,1,train,Q39008
1753,7,val,P39205
1754,8,train,O55047
1755,2,train,O76039
1756,1,train,Q3YAU5
1757,399,train,A0AIQ8
1758,4,train,Q47316
1759,1,train,Q47317
1760,2,train,J7I4B7
1761,335,train,A0AIE9
1762,1,train,Q58408
1763,33,train,A4YHK7
1764,6,train,B0R8D6
1765,1,train,Q58446
1766,22,train,A0RZ60
1767,1108,test,A0B5I5
1768,3,train,O87697
1769,3,train,P00473
1770,7,train,D3DJ41
1771,9,train,P05847
1772,9,test,B1L993
1773,20,val,A5A6P1
1774,1,train,Q5XAQ1
1775,3,train,Q2YDU3
1776,1396,test,A0AJ57
1777,1,train,Q6T627
1778,5,test,D3ZDI6
1779,37,train,A5JUY8
1780,1,train,Q6UWE0
1781,27,train,A1RSY7
1782,3,train,P16658
1783,133,train,A0JND9
1784,48,train,A1JNT5
1785,13,train,P00751
1786,6,train,O02776
1787,7,train,P32750
1788,1,train,Q869L4
1789,1,train,Q869N2
1790,1,train,Q869X3
1791,1,test,Q869Z0
1792,3,train,Q54R98
1793,1,train,Q86HG9
1794,1,train,Q86HN7
1795,1,test,Q86HW6
1796,40,val,A3AJ77
1797,2,train,Q7MXT8
1798,2,train,Q8FTH8
1799,1,train,Q8FUI5
1800,7,train,O33599
1801,26,train,A0B7V3
1802,1172,test,A0AIB4
1803,1,train,Q8TVA7
1804,1,train,Q8TWU6
1805,26,train,O27743
1806,1,test,Q966U0
1807,14,val,O95803
1808,2,val,Q5E9J6
1809,2,train,Q3UCV8
1810,2,train,Q96EQ8
1811,1,train,Q96EQ9
1812,6,train,Q8BST6
1813,1,train,Q96G74
1814,5,train,Q568Y3
1815,2,train,Q62511
1816,6,train,P59722
1817,1,train,Q9ABR0
1818,1,train,Q9ACU1
1819,12,train,H9BFW7
1820,2,train,Q46338
1821,3,train,O87386
1822,1,train,Q9HY69
1823,1,train,Q9KVK6
1824,1,train,Q9VFK6
1825,1,test,Q9VJ07
1826,9,train,A8XDJ2
1827,8,test,Q32L27
1828,3,val,Q19892
1829,16,train,A4IG62
1830,1,val,Q9VPC0
1831,1,train,Q9VSY4
1832,1,test,Q9VUX3
1833,1,val,Q9ZQF9
1834,81,train,A1RV26
1835,10,train,D3ZYW7
1836,1,train,Q9ZT42
1837,4,train,O22755
1838,3,train,Q6AUC6
1839,1,train,A0LCF5
1840,9,test,A1AA51
1841,77,val,A1AD94
1842,1,train,A6VL34
1843,1,train,B1VKF0
1844,179,test,A0A326
1845,435,train,A0KG42
1846,1,train,B5VNQ3
1847,1,train,B5X582
1848,1,train,B6VQ60
1849,239,train,A0JRH3
1850,3166,train,A0AIC0
1851,9,train,O00167
1852,30,test,A6H7I5
1853,1,train,O01700
1854,1,train,O02193
1855,1,train,O30836
1856,1,train,O30853
1857,1,train,O30885
1858,1,train,O31041
1859,1,train,O31042
1860,1,train,O31067
1861,1,train,O31074
1862,1,train,O31411
1863,452,train,A0K7U1
1864,71,train,A5INR0
1865,2,train,O31526
1866,2,val,O31644
1867,4,train,O84281
1868,696,train,A0AJS8
1869,9,train,O09164
1870,1,train,P12625
1871,2,train,P08478
1872,41,train,P04399
1873,2,test,A2ALK8
1874,2,train,P06134
1875,1,train,P26249
1876,1,train,P26295
1877,2,train,P26338
1878,6,train,P26365
1879,1,train,P37566
1880,1,val,P37649
1881,1,train,P37743
1882,1,train,P37763
1883,1,train,P37836
1884,2,train,P47721
1885,1,train,P47724
1886,1,test,P47981
1887,20,train,A2X8W3
1888,4,train,P0CF22
1889,1,train,P48063
1890,5,train,P14564
1891,2,train,P58283
1892,1,train,P58284
1893,3,train,P0AEC3
1894,1,train,P69345
1895,1,train,P69502
1896,2,test,P9WKY4
1897,29,val,O35552
1898,3,val,Q1LW89
1899,13,val,O74465
1900,5,train,P55183
1901,4,train,O94782
1902,5,train,P0C2N6
1903,4,train,Q29RQ5
1904,691,train,A0B7H6
1905,1,train,Q4PIN7
1906,14,test,O73792
1907,1,train,Q4PNI0
1908,11,train,Q3ED15
1909,3,test,A4HYT9
1910,3,train,Q57851
1911,3,test,O58832
1912,40,train,A0A0D2YG09
1913,75,train,A1A831
1914,1,train,Q5WL39
1915,11,test,Q28YQ7
1916,16,val,A1CNH7
1917,57,train,C8VBH4
1918,51,train,A3LZM4
1919,1,train,Q6BWW6
1920,4,train,D7UNT2
1921,3,train,Q48IV1
1922,1,train,Q8K1L5
1923,3,train,Q5XTS1
1924,4,train,Q69TF4
1925,2,train,Q8K4Q6
1926,53,train,A5IP58
1927,3,train,P27623
1928,1,train,Q8RM02
1929,4,train,P16100
1930,1,train,Q8RWY7
1931,5,train,Q8LB88
1932,169,train,A0KRC6
1933,50,train,O00238
1934,3,train,P79953
1935,11,train,B2RXZ1
1936,1,train,Q90ZT7
1937,1,train,Q91009
1938,1,train,Q91287
1939,1,train,Q981V0
1940,2,train,Q8WUA2
1941,4,train,O60858
1942,6,train,Q3SZ48
1943,3,train,Q95JP6
1944,54,train,A1ABA1
1945,1,train,Q9KH57
1946,3,train,Q5E9N3
1947,2,train,O88846
1948,3,train,P98170
1949,38,val,A4II96
1950,1,train,Q9R4A1
1951,4,train,O69406
1952,1,train,Q9R4J4
1953,3,train,O84375
1954,115,train,A0KFR1
1955,48,train,A1KHN9
1956,584,train,A0AFT8
1957,605,test,A0AKJ7
1958,346,train,A0AIQ9
1959,53,train,A0PL52
1960,1,train,I3R7F2
1961,2,train,F4HRI2
1962,1,val,I6WHP7
1963,5,train,O57728
1964,5,train,O58010
1965,12,val,O81852
1966,1,train,P00655
1967,4,test,A3DH67
1968,6,train,P0C548
1969,2,train,A7MRY4
1970,2,test,P24644
1971,1,train,P40493
1972,1,val,P40494
1973,1,train,P40559
1974,4,val,A6ZVS0
1975,2,train,P40571
1976,1,train,P40600
1977,1,train,P40758
1978,26,train,P00474
1979,1,train,P53550
1980,51,train,B3FHT4
1981,3,train,D4B0V1
1982,9,val,A5PJG7
1983,7,train,P04180
1984,2,train,P9WGL2
1985,2,train,P9WGL4
1986,1,train,P9WGZ9
1987,1,test,Q0CS62
1988,2,train,A2YMV6
1989,10,train,O48773
1990,26,train,O55123
1991,1,train,Q11186
1992,2792,train,A0AF20
1993,583,train,A0A087WNH6
1994,5,train,F1MK05
1995,1,val,Q60764
1996,3,train,P21580
1997,2,train,Q04507
1998,2,train,Q13114
1999,3,train,P57097
2000,2,val,Q13546
2001,13,train,P74646
2002,1,train,Q84JU6
2003,1,train,Q84MD8
2004,1,train,Q84V18
2005,1,train,Q84W40
2006,4,train,P17105
2007,7,train,A0A0D3QS97
2008,3,train,Q5RA67
2009,2,train,Q86UW9
2010,1,train,Q8R3Y8
2011,4,test,A9Q1D5
2012,182,train,A0K2U3
2013,1,train,Q8YSY4
2014,3,train,Q4JBY3
2015,5,train,O94530
2016,3,train,O00237
2017,1,train,Q9ES63
2018,2,train,Q9ESN3
2019,6,test,A4IF63
2020,1,val,Q9ESP7
2021,3,train,P21127
2022,6,train,P36077
2023,4,train,Q04638
2024,1,train,Q9USK0
2025,1,val,Q9USM5
2026,1,train,Q9USQ6
2027,2,train,Q12429
2028,1,train,Q9USS2
2029,61,train,A6H730
2030,2,test,F1ND48
2031,1,train,Q9USY1
2032,1,val,Q9UT72
2033,1,train,Q9UTA4
2034,22,train,C6A5A3
2035,80,test,A0ZSF2
2036,1,val,A0ZSF6
2037,642,train,A0AJP7
2038,1,train,A1A278
2039,781,val,A0AJB9
2040,182,train,A0AHT7
2041,389,train,A0KMZ1
2042,2,train,B0UYH6
2043,1,val,B4QIS3
2044,11,train,B3M6I4
2045,3,val,B4L6Q5
2046,1,train,B5F736
2047,534,test,A0A023W421
2048,1,test,C5B2R8
2049,1,train,F6RRD7
2050,9,train,A7E320
2051,19,train,A6QR55
2052,8,train,D3ZBM7
2053,29,train,D3ZKX9
2054,2,val,D9TQ02
2055,1,train,G0SC91
2056,1,val,O33778
2057,14,train,D7REY3
2058,77,test,A1KKY1
2059,1,train,O34104
2060,2,train,O34206
2061,1,val,O34213
2062,4,val,O34215
2063,1,train,O34303
2064,22,train,B0CM95
2065,1,test,O34398
2066,9,train,O34453
2067,17,train,A7Z064
2068,2,train,P04065
2069,191,train,A0JMS7
2070,1,train,P0CZ24
2071,4,train,P0ABK2
2072,4,train,P0ABJ9
2073,1,test,P26489
2074,2,train,P26504
2075,2,test,P26570
2076,1,train,P26799
2077,24,train,P00484
2078,1,train,P41833
2079,1,train,P41888
2080,1,train,P41908
2081,1,train,P42015
2082,5,train,P42074
2083,369,val,A1A909
2084,1,train,P42116
2085,1,train,P42159
2086,5,train,B1VTI5
2087,960,train,A0AKV5
2088,27,train,G5EBM1
2089,5,train,D0ZHS9
2090,1,train,P55239
2091,4,test,P77790
2092,1,train,P77877
2093,1,train,P77891
2094,1,train,P77921
2095,1,val,P77984
2096,21,test,A8Y4B2
2097,1,train,Q08258
2098,2,train,Q0RHA0
2099,18,train,O14920
2100,2,val,Q14258
2101,7,train,Q143F8
2102,103,train,A0PPL6
2103,2,val,Q5X159
2104,8,test,P10862
2105,7,train,A6ZY34
2106,3,train,P36002
2107,8,train,A0JMQ9
2108,5,train,D3ZGS3
2109,43,train,A2Y953
2110,7,train,Q0VD59
2111,1,train,Q6P2A1
2112,10,train,P53973
2113,1,test,Q6P4S2
2114,3,val,Q7MHR9
2115,37,test,A4VMV3
2116,2,train,Q32JF8
2117,1,val,Q84HH6
2118,1,test,Q84JE8
2119,2,train,B5X4Z4
2120,4,train,D9PUX5
2121,1,train,Q8TU04
2122,13,train,O28076
2123,1,train,Q9FVV4
2124,93,train,A1AAC5
2125,5,train,I1S2N3
2126,1,val,Q9FYK0
2127,1,train,Q9L6I1
2128,4,test,P28735
2129,6,train,P0AEN1
2130,2,train,P29074
2131,8,val,P31115
2132,4,train,O95278
2133,3,val,Q62921
2134,2,train,Q99558
2135,10,train,O97598
2136,1,train,Q9WV66
2137,15,train,P38483
2138,3,train,O60260
2139,1,test,Q9WXB7
2140,8,train,O65398
2141,143,train,A0KLD7
2142,216,train,A0A1B4XBH2
2143,29,train,A1AXY8
2144,17,val,A0A024SH76
2145,6,train,B2DBF0
2146,18,train,B2UW71
2147,37,val,A4S3S3
2148,1,train,O26310
2149,1,train,O26801
2150,1,train,O26949
2151,13,train,A1CGD1
2152,11,train,O74339
2153,4,test,O74427
2154,1,train,O74429
2155,1,train,O74467
2156,2,train,O74468
2157,21,test,O32142
2158,1,train,O74518
2159,15,train,A6QQ74
2160,1,train,O74526
2161,1,train,O74563
2162,3,train,O74747
2163,14,train,A2VDC2
2164,2,train,O74834
2165,47,val,A5W4F1
2166,13,train,A2WV32
2167,342,train,A0AH75
2168,523,val,A0K920
2169,5,val,P19587
2170,1,val,P19680
2171,1,train,P19731
2172,1,train,P19733
2173,8,train,P38205
2174,1,train,P41124
2175,2,train,P36251
2176,1,train,P41247
2177,1,train,P41248
2178,1,train,P51813
2179,12,train,P51926
2180,1,train,P51995
2181,1,train,P52016
2182,1,train,P61584
2183,124,train,A0JNM6
2184,1,train,P83918
2185,1,train,P83944
2186,1,val,P83946
2187,1,train,P83966
2188,1,train,P83989
2189,1,train,P84187
2190,1,train,P84188
2191,1,train,P84193
2192,1,train,P84195
2193,1,train,P84196
2194,1,train,P84199
2195,1,train,P84208
2196,1,train,P84209
2197,1,train,P84537
2198,1,train,P84546
2199,1,train,P84582
2200,1,test,P84714
2201,1,train,P84729
2202,1,train,P84753
2203,1,val,P84984
2204,1,train,P85046
2205,1,train,P85051
2206,1,train,P85061
2207,1,train,P85087
2208,1,train,P85088
2209,1,train,P85098
2210,1,train,P85101
2211,1,train,P85112
2212,1,train,Q04668
2213,6,train,P0AC33
2214,1,train,Q04740
2215,2,train,P45675
2216,1,train,Q0V9R0
2217,374,val,A0ALE0
2218,83,train,A0A0C5PRW9
2219,8,val,A1L1C5
2220,7,train,P15950
2221,1,val,Q28516
2222,9,train,P53065
2223,73,test,P0ABZ6
2224,1,train,Q3AC82
2225,225,train,A0KFU8
2226,242,train,A0K321
2227,49,val,A1JIN7
2228,1,train,Q48838
2229,148,train,A0K9B9
2230,6,train,P63827
2231,2,train,Q4WE62
2232,63,train,A1CNK4
2233,1,train,Q5AXT6
2234,25,train,A7SLX5
2235,1045,train,A0JUY6
2236,1,train,Q66J97
2237,2,train,F7EP40
2238,6,train,Q2HFZ9
2239,6,train,A7YY55
2240,22,train,O43255
2241,1,train,Q7SZN2
2242,1,test,Q7T037
2243,1,train,Q7T308
2244,1,train,Q7T321
2245,1264,train,A0AF11
2246,147,train,A0K5S6
2247,322,train,A0K915
2248,1,train,Q8ZYF8
2249,24,train,O42127
2250,1,test,Q90344
2251,1,train,Q90523
2252,9,train,A0JM20
2253,4,train,O09345
2254,62,train,A2BPU5
2255,1,val,Q9F9L1
2256,87,train,A0QNG1
2257,16,train,Q43907
2258,65,train,A2BQN3
2259,16,train,O29903
2260,664,train,A0AK39
2261,224,train,A0AJB3
2262,2,train,A7N6S2
2263,798,train,A0AJL1
2264,1,val,B1ZZL9
2265,1,train,O15743
2266,2,train,O15992
2267,5,train,O17323
2268,1,train,O17438
2269,1,train,O17670
2270,1,train,O18017
2271,9,train,O18783
2272,1,train,O18851
2273,1,train,O18921
2274,1,train,O75011
2275,1,val,O76050
2276,4,train,O74866
2277,1,train,O76387
2278,1,train,O76454
2279,7,test,P0A231
2280,63,train,O04287
2281,1,train,P18786
2282,17,train,A2QSY5
2283,25,train,B3A0N3
2284,1,train,P19040
2285,1,train,P19042
2286,1,train,P19043
2287,1,train,P19047
2288,1,train,P19048
2289,2,train,P27987
2290,1,train,P42365
2291,1,train,P42379
2292,1,val,P42380
2293,96,train,A0AH12
2294,1,val,P42425
2295,3,val,P08201
2296,6,test,P0A229
2297,7,train,A0QU81
2298,3,train,P16099
2299,15,train,B8ASK4
2300,8,test,P23524
2301,2,test,P57240
2302,16,val,P0AG40
2303,1,train,P68734
2304,2,train,P9WJW2
2305,2,train,P9WKC4
2306,9,train,A1CAI0
2307,1,train,Q0CLX3
2308,1,train,Q12524
2309,3,train,O94523
2310,1,train,Q12639
2311,1,train,Q12667
2312,54,train,A0KA00
2313,15,train,O15460
2314,481,train,A0AKV8
2315,3,train,Q3SWY0
2316,3,val,C4YLK8
2317,1,val,Q5A961
2318,3,train,Q07794
2319,1,val,Q5ABE5
2320,2,val,D4B5D4
2321,2,train,Q5AD05
2322,82,train,A0A0P0V4R0
2323,9,train,Q02933
2324,1,test,Q5APU2
2325,1,train,Q5ARI5
2326,2,train,A9A1T2
2327,1,val,Q5JD38
2328,1,train,Q5JDJ7
2329,14,train,A2VE01
2330,546,train,A0A073CEA3
2331,2,train,Q5SKZ7
2332,2,train,Q3UVC0
2333,7,train,P56180
2334,1,train,Q8DP63
2335,16,val,O00754
2336,2,test,P0CH30
2337,255,train,A0AI79
2338,1,train,Q93LL2
2339,1,train,Q93V88
2340,74,test,A0QIT4
2341,42,train,O31626
2342,1,train,Q9K0U7
2343,1,train,Q9T058
2344,5,train,O78461
2345,6,test,A7J1T0
2346,1,train,E5KK10
2347,1,train,E7DDH2
2348,80,train,A1CCU0
2349,7,train,E1C213
2350,1,test,E7FAP1
2351,2,train,E7FHP1
2352,10,train,D4GZB4
2353,1,train,E8MGH8
2354,6,train,O49856
2355,12,train,B8AMB8
2356,1,train,O50467
2357,6,train,P00436
2358,2,train,P00454
2359,1,train,P00465
2360,4,train,P0C1G5
2361,1,train,P0C1I6
2362,1,train,P0C1J1
2363,1,train,P0C1J2
2364,1,train,P0C1J6
2365,1,val,P0C1J7
2366,4,train,P0C218
2367,1,val,P0C2D7
2368,1,train,P0C2F6
2369,3,train,P0C2K0
2370,1,train,P0C2K2
2371,1,train,P0C2K3
2372,1,train,P0C2K4
2373,1,train,P0C2K6
2374,2,train,P0C2N5
2375,1,train,P24999
2376,1,test,P25037
2377,25,test,A3LXS6
2378,1,train,P25217
2379,1,train,P25237
2380,1,train,P25239
2381,2,train,P25241
2382,2,train,P19887
2383,11,train,A6ZQG7
2384,15,train,A1A4K5
2385,2,train,P39466
2386,2,val,O31611
2387,577,val,A0A161CAI1
2388,1,train,P39730
2389,2,train,P11681
2390,4,train,B2FQP3
2391,1,train,P54397
2392,37,train,O05272
2393,5,val,O34391
2394,1,train,P54493
2395,7,train,P22661
2396,1,train,P54637
2397,29,train,A4IID4
2398,1,val,P69567
2399,1,train,P69569
2400,5,val,P69797
2401,11,train,O07309
2402,4,train,A0R3R7
2403,7,val,Q071E0
2404,7,train,A2A7Q9
2405,1,train,Q08BW0
2406,10,train,O59761
2407,3,val,Q08CN9
2408,1,train,Q08D68
2409,1,train,Q09129
2410,36,train,B1I863
2411,2,train,P56581
2412,2,train,P0CB42
2413,4,train,P0CY89
2414,6,train,A0LJM5
2415,1,train,Q46DA4
2416,3,train,P00472
2417,4,train,O33149
2418,12,train,B0BNF0
2419,9,train,P0AC35
2420,26,train,A0PX17
2421,20,train,O05651
2422,151,val,A2CI50
2423,11,train,B0R6J9
2424,1,train,Q58247
2425,17,train,A6UWH7
2426,1,train,Q58262
2427,1,val,Q58263
2428,7,test,O27907
2429,1,train,Q58280
2430,1,test,Q5SSZ7
2431,2,test,Q059Y8
2432,2,train,Q3U487
2433,2,train,D3Z8N2
2434,3,train,O60927
2435,8,train,O80952
2436,707,train,A0A024BTN9
2437,1,train,Q5U3H2
2438,18,train,A4IID1
2439,1,train,Q69ZI1
2440,635,train,A0AK45
2441,1,train,Q6GL44
2442,1,train,Q6GLB0
2443,5,train,A6QLU8
2444,58,train,A3KPF5
2445,8,test,O75891
2446,1,train,Q6GP17
2447,1,val,Q6GPB6
2448,12,test,C0HBT3
2449,1,train,Q6GV23
2450,24,train,O48741
2451,1,train,Q7MUY1
2452,36,train,A9CK16
2453,4,train,B9DGY1
2454,8,train,O82175
2455,1,train,Q93YN0
2456,12,val,B8AVX5
2457,1,train,Q93Z96
2458,1,train,Q93ZF6
2459,1,train,Q93ZG9
2460,1,train,Q940T5
2461,1,train,Q941B6
2462,19,train,P03974
2463,4,train,P46207
2464,4,train,P76014
2465,2,train,A3N223
2466,3,val,P14930
2467,2,train,Q9QUG2
2468,2,test,Q14289
2469,3,val,Q92183
2470,1,train,Q9Y871
2471,126,train,A0LH38
2472,1,train,Q9Y8K5
2473,3,test,P80656
2474,36,val,A4FWF5
2475,83,train,A1CSI2
2476,1150,train,A0AEZ5
2477,1,train,A5WWA0
2478,732,train,A0AI70
2479,2,train,B1AZ99
2480,1148,train,A0A0H2ZNL3
2481,30,train,A1A399
2482,186,train,A0KHC9
2483,1,train,O32868
2484,28,train,A8EXI2
2485,1,train,O33465
2486,8,val,O33508
2487,1,train,O33579
2488,9,train,O33603
2489,1,train,P08662
2490,10,train,P08653
2491,2,train,P08740
2492,1,test,P08749
2493,3,train,P16386
2494,1,train,P16530
2495,1,train,P16667
2496,2,train,P16685
2497,2,train,P16686
2498,2,train,P16687
2499,2,train,P16688
2500,4,val,P07584
2501,1,train,P31686
2502,60,train,A0A059ZV61
2503,1,train,P31759
2504,3,train,P09178
2505,4,train,P49425
2506,12,train,A0PJN4
2507,27,val,A2XIK9
2508,1,test,P49587
2509,1,train,P49600
2510,604,train,A0A087X1C5
2511,7,train,O69583
2512,2,train,Q09850
2513,1,train,Q09878
2514,12,train,A7M7B9
2515,8,train,P0CP90
2516,1,train,Q09KQ6
2517,1037,train,A0K5M9
2518,1,train,Q21776
2519,1,train,Q35832
2520,1,test,Q36284
2521,2,train,P51940
2522,1,train,Q50438
2523,19,val,A2SPK1
2524,2,test,O27226
2525,1,train,Q50774
2526,1,train,Q50830
2527,2,train,Q1PW30
2528,1,train,Q50945
2529,2,train,O30869
2530,1,train,Q50974
2531,1,train,Q50976
2532,1,val,Q51083
2533,15,train,O35033
2534,6,train,F4JNY0
2535,3,train,P74851
2536,1,train,Q641J8
2537,7,train,O60285
2538,1,train,Q6FKH7
2539,15,train,P17405
2540,8,test,P9WP76
2541,8,val,B0BBT2
2542,1,train,Q822R1
2543,1,train,Q89EW7
2544,38,train,O68460
2545,8,train,Q63342
2546,1,train,Q8GJ44
2547,1,train,Q8GKZ1
2548,1,train,Q8GSJ6
2549,238,train,A0AYZ1
2550,2,train,Q13470
2551,1,train,Q99ML9
2552,2,train,Q7Z569
2553,3,test,Q09298
2554,2,train,Q99MW1
2555,1,test,Q99MX1
2556,1,train,Q99N13
2557,1,train,Q99P96
2558,7,test,Q14693
2559,1,val,Q99PX1
2560,3,train,Q5F5C8
2561,1,train,Q9S1G7
2562,1,train,Q9S3S1
2563,1,val,Q9ZFG9
2564,1,test,Q9ZFH0
2565,1,train,Q9ZG90
2566,1,train,Q9ZH21
2567,10,train,A6VAU7
2568,5,train,O87833
2569,83,train,A1U3F9
2570,1,train,A2SJR5
2571,56,train,A1B316
2572,7,train,O13471
2573,22,val,G4SW86
2574,6,train,O13632
2575,1,train,O13738
2576,1,train,O13826
2577,5,train,A8NEP3
2578,1,train,O13839
2579,80,train,A1A8H1
2580,1,train,O13849
2581,1,test,O13911
2582,3,test,O13924
2583,1,val,O14045
2584,1,train,O14111
2585,12,train,A0A0R4IVA4
2586,160,train,A0A178U9Y5
2587,1,train,O64425
2588,1,val,P05472
2589,3,train,P00383
2590,17,train,D4AVI0
2591,1,train,P05804
2592,19,train,D5DEH5
2593,9,train,P05982
2594,1,train,P0CD62
2595,2,train,D0ZPH9
2596,1,train,P0CF21
2597,3,train,P0CH01
2598,1,train,P0CH03
2599,3,train,P0CH63
2600,1,train,P0CH89
2601,1,train,P23473
2602,42,val,D4GYE2
2603,1,train,P23647
2604,3,train,P23657
2605,1,train,P23666
2606,18,train,P37843
2607,1,train,P37894
2608,1,train,P38049
2609,1,train,P38148
2610,11,train,A1CIL1
2611,1,train,P50656
2612,3,train,P23649
2613,1,val,P50660
2614,1,train,P50665
2615,8,train,O03515
2616,1,train,P50694
2617,19,train,O18733
2618,1,val,P50828
2619,1,train,P50923
2620,20,test,P11934
2621,1,train,P51005
2622,13,train,O50595
2623,1,train,P93303
2624,2,test,F4IYF8
2625,4,train,P43254
2626,1,val,P93604
2627,169,train,A0L516
2628,1,train,P93823
2629,53,val,A2ST81
2630,357,train,A0AHF9
2631,7,train,P42785
2632,2,train,P0C0Z0
2633,9,train,Q337A0
2634,583,test,A0AJ06
2635,2,train,Q07566
2636,1,test,Q552W5
2637,1,train,Q55370
2638,444,train,A0AH04
2639,1,test,Q555E8
2640,9,train,F4J3G5
2641,440,test,A0K9T8
2642,7,train,A8WZU5
2643,1,train,Q5YDB5
2644,1,val,Q5YDB6
2645,36,train,A3MA02
2646,7,train,B5DF07
2647,1,train,Q680I0
2648,1,train,Q681I0
2649,1,train,Q683D5
2650,1,train,Q68DV7
2651,5,test,Q5XG87
2652,1,train,Q6K1U0
2653,1,train,Q6K431
2654,1,train,Q6K762
2655,1,train,Q7NAZ2
2656,715,train,A0ALE2
2657,1,train,Q7NBQ3
2658,1,val,Q7NBZ0
2659,4,train,P59238
2660,18,test,A0JMM9
2661,3,train,Q5XIG0
2662,2,train,Q8VIG6
2663,12,test,O82312
2664,8,train,P10266
2665,1,train,Q9BXU7
2666,1,train,Q9BY84
2667,2,train,Q9BZM1
2668,2,train,Q99PJ2
2669,2,train,Q8R0K2
2670,19,train,A0JN74
2671,2,train,Q8BWQ5
2672,1,train,Q9C103
2673,231,val,A0AK80
2674,2,train,Q8KHV6
2675,2,train,O80963
2676,1,train,Q9S847
2677,11,train,C8VRV0
2678,4,train,A2A1A1
2679,1,train,A2AR02
2680,2,train,A2AWP0
2681,1473,train,A0AG13
2682,30,val,A1C6D6
2683,1,train,A7TUG9
2684,1,train,B0CN28
2685,13,train,B0W2R4
2686,6,train,B0W3R7
2687,1,train,B0WAU8
2688,1,val,B0WQG0
2689,11,train,B3PI89
2690,376,train,A0K9W8
2691,21,train,A2VE47
2692,805,train,A0AHD2
2693,9,test,O04482
2694,1,train,O54457
2695,5,train,O43462
2696,1,train,O55035
2697,1,train,O55176
2698,4,train,O55236
2699,1,train,O89085
2700,118,train,A2YH64
2701,1,val,O93728
2702,18,train,O05706
2703,15,train,O24304
2704,15,train,A5F520
2705,1,train,P0DOA0
2706,23,test,A0A0C5Q309
2707,2,train,P10094
2708,1,train,P10399
2709,1,train,P10400
2710,1,train,P22192
2711,1,train,P22216
2712,1,val,P22317
2713,1,train,P22318
2714,7,train,E7FHF8
2715,1,train,P22455
2716,4,val,O55175
2717,14,train,P08540
2718,1,train,P34883
2719,2,train,P12794
2720,2,train,P12322
2721,2,test,P45699
2722,1,train,P45741
2723,1,train,P45749
2724,1,val,P45895
2725,1,train,P45951
2726,1,train,P45959
2727,1,train,P46014
2728,1,val,P55739
2729,1,val,P55747
2730,1,train,P55784
2731,1,train,P55793
2732,1,train,P55911
2733,3,val,P14532
2734,1,train,P55932
2735,88,train,A1AC64
2736,845,train,A0KCF0
2737,1,train,P94544
2738,1,train,P94694
2739,6,train,Q03269
2740,1,train,Q03276
2741,1,train,Q03284
2742,2,train,Q03407
2743,1,train,Q03425
2744,3,train,P24013
2745,1,train,Q08408
2746,2,train,P55026
2747,1,train,Q08641
2748,13,train,O02849
2749,1,val,Q08647
2750,1,test,Q16W24
2751,1,train,Q21179
2752,1,train,Q21209
2753,420,train,A0AIG2
2754,9,train,A4H5X5
2755,1,train,Q4F883
2756,1,train,Q4FLD7
2757,3,train,Q59H18
2758,7,train,Q4I2M7
2759,1,train,Q59VR3
2760,3,train,P31755
2761,1,train,Q5A4X0
2762,142,train,A0A146F0J0
2763,1,test,Q5QD03
2764,1,train,Q5QLR5
2765,17,train,Q5QQ49
2766,1,train,Q5YWD4
2767,1,train,Q65WL3
2768,3,val,Q6DW74
2769,22,test,A9CRJ7
2770,1,train,Q6LWY8
2771,4,train,A9A677
2772,713,train,A0AK73
2773,12,test,O22494
2774,50,train,O02767
2775,1,train,Q8I113
2776,1,train,Q8I7M8
2777,1,val,Q8I7P9
2778,1,train,Q8IL04
2779,1,train,Q8IQ27
2780,44,train,B0G0Y8
2781,4,train,Q5REQ8
2782,1,train,Q8IU81
2783,2,train,Q8BP74
2784,1,train,Q8RI52
2785,2,train,Q8FWN5
2786,184,train,A0A0I9QGZ2
2787,1,train,Q93AK9
2788,2,train,Q93AR8
2789,2,train,Q93AR9
2790,4,train,Q8VNJ8
2791,1,val,Q93DW6
2792,2,train,B0R753
2793,6,train,A2XID3
2794,1,train,Q9LS86
2795,1,test,Q9LSW9
2796,1,val,Q9LT17
2797,1,train,Q9LT96
2798,1,train,Q9LTX3
2799,5,train,O65583
2800,1,train,Q9LUL8
2801,1,test,Q9LUZ9
2802,1,train,Q9LVM5
2803,2,train,Q9SGT1
2804,8,train,O80437
2805,18,train,A0MTA1
2806,1,train,Q9SIT1
2807,149,train,A0A095AMW7
2808,8,train,O69199
2809,1,train,Q9SJM3
2810,1,val,Q9ZKU4
2811,19,train,O32323
2812,330,train,A0KIK4
2813,1,train,P31212
2814,1,test,P31255
2815,1,train,P52069
2816,4,train,O50593
2817,1,test,P52201
2818,1,train,P52336
2819,8,test,O68949
2820,1,test,P52397
2821,1,train,P52421
2822,1,train,P65731
2823,1,train,Q00053
2824,8,train,O13811
2825,1,train,Q00342
2826,4,train,G3XD67
2827,1,train,Q00520
2828,1,train,Q00531
2829,1,train,Q0SPW1
2830,1,train,Q18680
2831,114,train,A1JJM7
2832,1,train,Q48433
2833,1,train,Q48463
2834,2,train,Q51519
2835,2,train,Q51853
2836,1,train,Q51854
2837,4,train,O06652
2838,1,val,Q52718
2839,1,test,Q52846
2840,13,train,B0R4J9
2841,2,train,Q03228
2842,1,train,Q5PJT2
2843,1,test,Q5PKI8
2844,459,val,A0AI65
2845,1,train,Q7UKD1
2846,583,test,A0A0H3LQK8
2847,244,train,A0K9S9
2848,721,train,A0AFA6
2849,113,train,P0AA37
2850,7,train,Q32M07
2851,23,test,A3E7Z6
2852,2,train,Q96T60
2853,40,train,A1CED0
2854,1,train,Q9NZ20
2855,3,train,Q1LZE1
2856,1,val,Q9P2H5
2857,2,train,Q03254
2858,2,val,P40557
2859,1,train,Q9P6N4
2860,24,train,O02623
2861,1,train,Q9P6Y2
2862,2,train,P26944
2863,1,val,Q9X706
2864,9,train,P15878
2865,1,train,Q9X839
2866,8,train,P24473
2867,69,train,A0KY73
2868,1,train,A0KYQ7
2869,65,train,A0JUV5
2870,247,train,A0AHP2
2871,4,train,A5A6I3
2872,25,train,A5PK65
2873,4,val,A5PKJ4
2874,8,train,A0JPH3
2875,1,train,A8DYY5
2876,1,val,B2IZD3
2877,1,train,B4KBH3
2878,1,train,B4KYX8
2879,8,test,B3NKK1
2880,19,train,A0RHX9
2881,6,train,C0LGR9
2882,1,train,C0LGV0
2883,7,test,E1BLT8
2884,19,train,C6LR75
2885,1,train,E1VBT6
2886,64,train,A1CVK0
2887,755,train,A0A0D8BWP6
2888,3,val,O18823
2889,3,train,O35465
2890,30,train,A0A060X6Z0
2891,1,train,O42154
2892,1,train,O42354
2893,1,train,O82391
2894,24,train,B3A0N5
2895,3,train,P0A3U0
2896,2,test,P0A459
2897,7,train,P0C0J0
2898,1,val,P21804
2899,1,train,P21864
2900,1,val,P21933
2901,8,train,A5PKH3
2902,1,test,P35512
2903,3,train,P14871
2904,1,test,P35660
2905,25,train,A6NHC0
2906,2,train,P33981
2907,1,train,P35811
2908,2,test,P35831
2909,1,val,P35851
2910,1,val,P36003
2911,2,val,P36026
2912,12,test,O14138
2913,2,train,A7A018
2914,2,val,P32784
2915,1,test,P50400
2916,1,train,P50401
2917,1,train,P50434
2918,1,train,P50488
2919,1,train,P50528
2920,1,train,P50547
2921,291,test,A0AG14
2922,26,train,P0AA93
2923,2,test,P75451
2924,27,train,C9XIS5
2925,4,train,B8GZM2
2926,3,train,P31129
2927,5,train,P32701
2928,2,train,P36088
2929,7,train,P23842
2930,3,train,P22414
2931,1,train,Q01477
2932,1,train,Q01551
2933,1,train,Q01577
2934,2,train,P17058
2935,12,test,P19573
2936,1,test,Q01919
2937,1,test,Q01974
2938,1,train,Q05819
2939,1,train,Q05884
2940,19,train,O13453
2941,2,train,Q05A36
2942,5,train,Q06012
2943,1,test,Q0DXS3
2944,1,train,Q0DZT4
2945,1,train,Q1QD97
2946,357,train,A0K9Z1
2947,1,train,Q2RRV2
2948,2,train,P0C187
2949,2,test,Q3ZDQ4
2950,1,train,Q3ZJ89
2951,25,test,O14214
2952,1,train,Q4J8L6
2953,1,train,Q4J9K4
2954,1,train,Q54WD7
2955,1,train,Q54WE5
2956,17,train,A2VE39
2957,1,train,Q54WS9
2958,40,val,B3N6Y7
2959,1,train,Q54WW7
2960,1,train,Q54XX5
2961,1,train,Q54XY6
2962,1,train,Q54Y27
2963,1,train,Q54Y32
2964,7,train,O04862
2965,1,test,Q54YF2
2966,7,train,O13830
2967,1,val,Q54ZN3
2968,1,train,Q550R7
2969,4,val,O49939
2970,16,train,B6TRH4
2971,1,train,Q5EAE9
2972,1,train,Q5ENN5
2973,1,train,Q5EU90
2974,13,train,A9CKA8
2975,2,train,Q5VVX9
2976,2,test,Q5W251
2977,1,train,Q5W9R9
2978,1,train,Q5WA76
2979,13,train,P04629
2980,4,train,O33407
2981,1,val,Q6B9X6
2982,9,train,Q03330
2983,134,test,A0A0R4IF99
2984,10,train,O13297
2985,9,train,O74739
2986,37,train,O36016
2987,13,train,A2YII8
2988,8,train,M0R5D6
2989,1,train,Q6INS5
2990,2,val,Q0II22
2991,9,train,H2N4I1
2992,2,train,P11663
2993,10,train,B2TT54
2994,4,train,P11349
2995,1,train,Q8AYG3
2996,17,train,A4PES0
2997,1,train,Q8BFX1
2998,8,train,D2H6Z0
2999,2,test,Q8BGG7
3000,3,test,P36406
3001,1,val,Q8BI21
3002,4,train,Q8BJQ9
3003,2,train,Q8BMQ2
3004,4,train,O75173
3005,4,val,Q1CW50
3006,1140,train,A0AHK4
3007,420,train,A0AJU9
3008,1,test,Q8XAZ4
3009,6,train,A0A0R4IXF6
3010,1,train,Q92851
3011,22,train,O15305
3012,1,train,Q92932
3013,8,train,P34385
3014,2,train,Q9ESM6
3015,321,train,A0KTH4
3016,1,train,Q9HFF4
3017,28,train,A5A6K3
3018,1,train,Q9HGN5
3019,1,train,Q9LAI0
3020,1,train,Q9LAI1
3021,1,train,Q9LAI2
3022,2,train,C9DQ21
3023,2,train,C9DQ22
3024,2,train,Q41008
3025,1,train,Q9LDC0
3026,1,train,Q9LDD5
3027,23,train,A0JND3
3028,1,train,Q9LE59
3029,1,train,Q9LEA3
3030,2,train,Q5XF85
3031,4,train,Q39249
3032,2,val,Q10D00
3033,1,train,Q9SNB6
3034,1,train,Q9SPL2
3035,7,train,A2XVG1
3036,33,train,B0BCM3
3037,8,train,O24968
3038,5,train,A1A4L4
3039,4,train,A1A696
3040,1,train,A1A6M1
3041,33,test,A1A8P3
3042,53,train,A1ABS8
3043,103,train,A0AXI7
3044,384,val,A0A315
3045,2,train,B4FHU1
3046,15,train,A0JNK3
3047,6,train,B3P6R5
3048,1,train,B4IJG7
3049,2,train,D4AZ24
3050,1,val,O22193
3051,1,train,O22197
3052,1,train,O22283
3053,7,train,A2XFP3
3054,30,train,O80322
3055,3,val,B8BDK0
3056,1,train,P15056
3057,1,train,P15209
3058,1,train,P15349
3059,23,train,A2T195
3060,1,train,P28175
3061,27,train,P28193
3062,27,train,O13505
3063,1,train,P28270
3064,4,train,P16636
3065,1,train,P42691
3066,2,train,P42762
3067,28,train,O64437
3068,2,train,P42817
3069,1,train,P42827
3070,1,train,P42828
3071,2,train,P42850
3072,3,train,P42954
3073,24,train,A0QUX7
3074,7,val,P22234
3075,4,train,P51597
3076,4,train,P48596
3077,1,train,P62426
3078,44,test,A2XV58
3079,4,train,P92979
3080,1,val,P93030
3081,2,train,Q13049
3082,1,train,Q13064
3083,1,val,Q13202
3084,4,val,P97855
3085,3,train,P52012
3086,1,train,Q13427
3087,3,train,Q13489
3088,2,test,F1SVL1
3089,234,train,A1SMR4
3090,49,train,A1USS5
3091,590,train,A0AK88
3092,1,val,Q54R58
3093,2,train,Q54R62
3094,1,train,Q54R82
3095,1,train,Q54RJ4
3096,2,train,Q54RN1
3097,1,train,Q54SC4
3098,1,train,Q54SF9
3099,1,train,Q54SK3
3100,1,train,Q54T01
3101,1,train,Q54T76
3102,1,train,Q54TA1
3103,1,train,Q54TH6
3104,1,train,Q54U65
3105,1,train,Q54UA9
3106,1,train,Q54UL8
3107,1,train,Q54W86
3108,6,train,B1WAS2
3109,1,test,Q5XI50
3110,11,train,O43567
3111,1470,train,A0A120HYZ1
3112,4,test,Q5XIS1
3113,1,test,Q5XIV2
3114,7,train,Q32PR0
3115,1,train,Q695T8
3116,2,train,Q69Q02
3117,1,train,Q69R21
3118,2,test,Q66GP9
3119,9,train,A0A075F7E9
3120,1,train,Q7G959
3121,232,train,A0KIM1
3122,70,train,A3CLY1
3123,1,train,Q8H215
3124,6,val,Q04049
3125,1,test,Q8HUG9
3126,1,val,Q8HUH2
3127,4,train,Q08DV5
3128,8,train,O75844
3129,1,val,Q8RXD3
3130,1,train,Q8RXD6
3131,1,train,Q8RXX9
3132,1,train,Q8S8S7
3133,4,train,Q76L33
3134,1,train,Q8Z9M5
3135,3,train,Q6L171
3136,142,train,A0B879
3137,1,train,Q9H0F5
3138,2,test,Q8BZ20
3139,1,test,Q9H1R2
3140,6,train,A4IFM7
3141,5,train,O35815
3142,5,train,Q5FWL3
3143,2,train,Q5R9W2
3144,4,train,P70665
3145,8,train,A2A5Z6
3146,1,train,Q9HBJ7
3147,2,train,A0A0A1GNF2
3148,17,train,O22415
3149,5,train,A6SU94
3150,73,test,A0QU51
3151,1,train,Q9M8R4
3152,2,train,C0LGJ9
3153,1,train,Q9M9Y4
3154,4,train,A2VCW9
3155,4,train,O35082
3156,10,train,D3Z7P3
3157,320,train,A0AJW5
3158,3,train,P68827
3159,1,train,Q9ULT6
3160,3,train,G3V8H4
3161,300,train,A0AJY2
3162,8,val,A1YER5
3163,1,train,A1YFY1
3164,8,train,G1TGF1
3165,2,test,G1UBD1
3166,1,train,G2NFJ9
3167,1,train,G2SYN4
3168,42,train,B1WB39
3169,2,train,G5E8F4
3170,1,train,G5EB87
3171,1,train,G5EBV0
3172,3,train,E3M3V1
3173,1,train,G5EC44
3174,1,train,O64639
3175,1,train,O64642
3176,1,train,O64792
3177,3,train,O64793
3178,2,train,O64825
3179,4,train,F4HTT6
3180,1,test,O65238
3181,5,train,P15977
3182,1,train,P15984
3183,2,train,P15885
3184,2,train,P16147
3185,1,test,P16218
3186,1,train,P16312
3187,2,val,P29461
3188,11,train,O52512
3189,38,train,A5VP58
3190,2,train,P29566
3191,1,test,P29655
3192,1,train,P29656
3193,1,train,P29657
3194,1,val,P29659
3195,1,train,P29660
3196,2,test,P29737
3197,2,train,P14386
3198,1,train,P29767
3199,47,train,O31645
3200,1,train,P44721
3201,1,val,P60193
3202,1,val,P85142
3203,1,train,P85413
3204,1,train,P85430
3205,1,train,P85439
3206,1,train,P85440
3207,1,test,P85446
3208,1,train,P85512
3209,1,train,P85513
3210,1,train,P85516
3211,1,train,P85517
3212,1,val,P85814
3213,1,train,P85843
3214,1,train,P85906
3215,1,train,P85916
3216,1,train,P85924
3217,1,train,P85949
3218,1,train,P85951
3219,1,test,P85954
3220,1,train,P85999
3221,1,train,P86001
3222,1,train,P86015
3223,1,train,P86074
3224,1,train,P86081
3225,1,train,P86082
3226,1,val,P86102
3227,1,test,P86103
3228,1,train,P86181
3229,1,train,P86195
3230,1,train,P86197
3231,1,train,P86199
3232,1,train,P86200
3233,1,val,P86203
3234,1,test,P86205
3235,1,train,P86206
3236,1,val,P86211
3237,1,val,P86214
3238,1,train,P86217
3239,1,train,P86219
3240,1,test,P86222
3241,1,train,P86225
3242,1,train,P86226
3243,1,val,P86231
3244,1,train,P86235
3245,1,train,P86250
3246,1,test,P86327
3247,1,train,P86328
3248,1,test,P86450
3249,1,train,Q05201
3250,1,test,Q05326
3251,4,train,P36165
3252,1,train,Q12063
3253,5,train,O59763
3254,46,train,B1H369
3255,5,train,Q12272
3256,1,test,Q12362
3257,3,train,O42853
3258,1,train,Q12404
3259,1,train,Q12471
3260,2,train,Q1QWP0
3261,1,train,Q1QWP1
3262,165,train,A0KKK7
3263,153,train,A0KEH3
3264,18,train,A5WFR0
3265,8,train,A4H7A3
3266,16,val,P27124
3267,3,train,Q38HM4
3268,1,test,Q47824
3269,1,train,Q47899
3270,1,train,Q47907
3271,1,train,Q4R361
3272,5,train,O54376
3273,1,train,Q58FY4
3274,760,train,A0AJ80
3275,1,val,Q58Y44
3276,10,train,O32450
3277,552,train,A0A0H3JR16
3278,4,train,O33998
3279,2,train,P22222
3280,1,train,Q5NCP0
3281,10,train,P28907
3282,3,train,Q6NMK1
3283,4,train,Q6NPD7
3284,2,train,Q28E95
3285,7,train,P22681
3286,5,train,Q502B3
3287,1,train,Q6NRV8
3288,16,train,A0A1D6L709
3289,1,train,Q7YR30
3290,1,train,Q7YR43
3291,5,train,Q5DTK1
3292,2,train,Q7Z3D6
3293,1,val,Q7Z6J0
3294,1,train,Q8R6G8
3295,846,train,A0ALG5
3296,3,train,P51400
3297,1,train,Q92037
3298,10,val,O93523
3299,1,train,Q92076
3300,1,train,Q92091
3301,4,train,Q14554
3302,2,val,G5EB30
3303,1,val,Q9C7E9
3304,23,train,O04865
3305,1,train,Q9C895
3306,2,train,Q9C8E1
3307,465,train,A0K724
3308,3,train,B3H7A9
3309,1,train,Q9CAD5
3310,1,val,Q9CAV6
3311,3,train,O24585
3312,1,train,Q9LX93
3313,1,train,Q9LY41
3314,1,train,Q9LY50
3315,1,train,Q9LY75
3316,5,test,Q84ME1
3317,26,test,A2BLE8
3318,7,train,P40506
3319,5,train,O80742
3320,1,val,Q9XD73
3321,1,train,Q9XEC6
3322,1,train,Q9XF63
3323,5,train,Q10E50
3324,56,train,A1AFY9
3325,19,train,A4PCD4
3326,9,train,A5VUS1
3327,16,train,A3PRU3
3328,15,train,B0RVK4
3329,3834,train,A0AH37
3330,1,train,B3EWG9
3331,1,train,B3EWI9
3332,1,val,B3EWP2
3333,5,train,B3FN88
3334,1,train,B3GYF4
3335,59,train,A0PSD4
3336,2,train,B9W4V6
3337,314,train,A0L909
3338,24,train,A1DA62
3339,1,train,C0HJM0
3340,1,train,C0HJP9
3341,1,train,C0HJW7
3342,1,train,C0HKB1
3343,43,train,A2ST53
3344,62,train,C8VP36
3345,3,train,A1C8C3
3346,348,train,A0KEL3
3347,1,train,O52691
3348,1,train,O52703
3349,3,train,O53080
3350,1,train,O53182
3351,2,train,A0A0H3M5A8
3352,2,train,A0R628
3353,21,train,A5IVH3
3354,1,train,O54003
3355,6,train,P0A1T4
3356,1,train,P15577
3357,1,train,P15583
3358,1,train,P15588
3359,1,train,P15636
3360,664,train,A0KJ55
3361,3,train,P06200
3362,1,train,P15917
3363,1,train,P15939
3364,1,train,P32789
3365,1,train,P32823
3366,1,train,P32828
3367,1,test,P32944
3368,2,test,O34607
3369,26,test,A7BHQ9
3370,12,train,O88664
3371,12,test,A2X0Q3
3372,3,train,P46697
3373,306,train,A0LG38
3374,2,train,O53361
3375,100,val,O06159
3376,1,train,Q06564
3377,26,val,F1Q8R9
3378,1,train,Q06651
3379,727,test,A0AHD1
3380,1,train,Q06FN2
3381,78,train,A0KSX7
3382,8,train,A5PJS6
3383,2,train,Q147X3
3384,338,train,A0ACX8
3385,94,train,A0Q981
3386,12,train,Q121Q4
3387,3,test,P29082
3388,1,train,Q58785
3389,4,test,O27566
3390,1,train,Q58844
3391,1031,train,A0A024SMV2
3392,294,train,A0AK82
3393,71,train,A1CTP5
3394,14,train,O00635
3395,3,train,Q5P5G2
3396,1,train,Q5P5G3
3397,2,train,Q5P5G5
3398,1,train,Q6ZNA4
3399,6,train,A0JPQ8
3400,3,train,A5YM72
3401,3,test,O60337
3402,2,test,E9QAU8
3403,4,test,Q3U2V3
3404,7,train,O76064
3405,276,train,A6MFK7
3406,2,train,Q6GNY1
3407,1,train,Q80TJ7
3408,3,val,Q80TL0
3409,3,train,Q80VJ4
3410,23,train,A8Y183
3411,5,train,A1A4L5
3412,13,train,F4J1H7
3413,6,train,D3ZTE0
3414,1,train,Q80YR4
3415,1,train,Q80ZI6
3416,3,train,Q810I2
3417,14,train,A0PNH1
3418,2,val,Q00IB6
3419,1,train,Q8SVB5
3420,437,train,A0A0H3L952
3421,1,test,Q8SVI7
3422,1,train,Q8SVN8
3423,1,train,Q8T1C6
3424,2,train,Q8T1G5
3425,1,val,Q8T2I5
3426,1,train,Q8T3G2
3427,3,val,Q3MHN7
3428,2,val,O70263
3429,1,test,Q8TC41
3430,1,train,Q8TDB6
3431,1,train,Q91V17
3432,3,train,Q7LFX5
3433,3,train,Q8CG07
3434,7,train,P03951
3435,7,train,O08785
3436,2,train,Q91YE9
3437,3,train,Q84RQ8
3438,1,train,Q9C5H5
3439,1,test,Q9C5S1
3440,1,train,Q9C5W0
3441,1,train,Q9C5W3
3442,3,train,Q9C6B9
3443,5,train,P0AAP1
3444,91,val,A0B532
3445,685,train,A0AJT1
3446,226,train,A0K921
3447,1,train,B7GPC7
3448,22,train,A0JMK5
3449,1,val,G5EE01
3450,17,train,G5EDR5
3451,1,test,G5EEU2
3452,2,train,G5EEW6
3453,1,test,G5EFD2
3454,1,train,G5EFL0
3455,1,train,G5EGK5
3456,2,train,H2K893
3457,1,train,H6LGM7
3458,1,val,H6LGM8
3459,11,train,G0S3J5
3460,29,train,O08590
3461,42,train,A1A4J1
3462,1,train,O42941
3463,1,train,O42951
3464,1,train,O43066
3465,51,val,A1ACB2
3466,2,train,O43085
3467,3,train,O43164
3468,1,val,P06529
3469,3,train,P06564
3470,10,train,B9GCH9
3471,1,train,P0CT85
3472,1,test,P0CV91
3473,1,train,P0CV92
3474,45,val,A0B555
3475,1,test,P0CY58
3476,1,train,P28617
3477,1,train,P43633
3478,1,train,P43650
3479,3,train,P23865
3480,39,train,O05949
3481,2,train,P28632
3482,320,train,A1A4Q9
3483,2,train,P9WIY2
3484,1,train,Q1MTN7
3485,1,test,Q1MTQ0
3486,1,train,Q2UDJ8
3487,2,train,P0C1B0
3488,23,val,O02298
3489,8,train,A1C7B5
3490,4,test,A1DAU0
3491,114,test,A1CA51
3492,2,train,Q5BG51
3493,1,val,Q65KJ7
3494,1,train,Q6Q152
3495,2,train,P54990
3496,2,train,Q6QJ72
3497,1,train,Q6R567
3498,1,train,Q6RUF5
3499,1,train,Q7Z9M7
3500,9,train,Q5M8L0
3501,7,train,A7SNN5
3502,1,train,Q7ZX21
3503,3,train,Q7ZZC8
3504,1,train,Q88FY1
3505,3,val,Q0SQ68
3506,1,train,Q944B6
3507,1,val,Q944I4
3508,2,train,Q8VXQ7
3509,1,train,Q94818
3510,1,train,Q94819
3511,1,train,Q949T8
3512,27,train,A5D6U8
3513,405,train,A1CFS2
3514,19,val,A0JNC1
3515,1,train,Q94A09
3516,1,train,Q94A41
3517,1,train,Q94A51
3518,1,test,Q94AA9
3519,1,val,Q94AK4
3520,1,train,Q94AY3
3521,2,train,Q97BQ0
3522,1,train,Q9HKT2
3523,2,train,Q9LM76
3524,17,train,O70172
3525,22,train,F4IJ77
3526,1,train,Q9LQ92
3527,1,train,Q9LQM2
3528,1,val,Q9LQX2
3529,5,train,Q0WQ41
3530,1,train,Q9LRB7
3531,1,train,Q9X3P3
3532,33,val,A0B8W0
3533,1,train,A6T4H1
3534,318,train,A0Q7B6
3535,3,test,B0R5N7
3536,1,train,B2MUU6
3537,1910,train,A0A067YB04
3538,1,val,B9DFV2
3539,353,train,A4FS04
3540,1,train,D3FH24
3541,1,train,D3FI09
3542,9,train,D3K0N9
3543,4,test,A4VND8
3544,6,train,O30477
3545,1,train,O30511
3546,1,train,O30549
3547,1,train,O84990
3548,1,train,O85057
3549,51,train,A0R4R3
3550,4,train,P0AFV4
3551,4,train,P08881
3552,326,train,A0R1V9
3553,1,train,P0C035
3554,1,train,P0C041
3555,1,train,P0C0C9
3556,1,train,P24475
3557,1,train,P24546
3558,1,train,P24556
3559,2,train,P24617
3560,1,train,P41392
3561,1,train,P41397
3562,2,train,P22348
3563,1,train,P41695
3564,1,train,P41754
3565,25,train,G0SCU5
3566,1,train,P41812
3567,51,train,A0JMP0
3568,13,train,O74927
3569,82,train,A1AGU7
3570,1,test,P53306
3571,1,train,P53332
3572,1,train,P53356
3573,1,train,P53397
3574,2,train,P35141
3575,1,train,P53449
3576,3,test,P65643
3577,5,train,O87694
3578,3,train,P9WGK1
3579,2,train,Q04082
3580,1,train,Q04237
3581,2,test,P85438
3582,2,train,Q04236
3583,1,train,Q04299
3584,279,train,A0AJM3
3585,1,train,Q55DK2
3586,1,train,Q55EC7
3587,511,train,A0K5J0
3588,42,train,A1A4L8
3589,2,train,Q55FT1
3590,2,train,Q55FV4
3591,1,train,Q55GJ2
3592,1,test,Q55GU0
3593,4,val,P0DMC5
3594,19,train,O31703
3595,1,train,Q56208
3596,2,train,O31287
3597,39,train,O26742
3598,7,train,P00644
3599,42,val,A1A9R3
3600,12,train,P09357
3601,69,train,A0AGV7
3602,6,train,D3WYV9
3603,3,test,A5W4E3
3604,3,train,Q498M5
3605,1,train,Q8THF6
3606,2,train,P75820
3607,1,val,Q99027
3608,2,train,P23980
3609,1,train,Q9GME3
3610,2,test,A8X0C4
3611,1,train,Q9GT24
3612,1,train,Q9GV45
3613,121,train,A0AF31
3614,2,train,Q8XIQ9
3615,25,train,A7J2C6
3616,1,train,V6CIV8
3617,54,train,A0B6E7
3618,54,train,A0B8Y7
3619,1,train,A0JMZ4
3620,12,train,A0JN69
3621,1,train,A0JNH9
3622,778,train,A0AKM3
3623,1,train,A2PU44
3624,17,train,A2PYL6
3625,72,train,A1AHH8
3626,32,train,A1AD20
3627,10,train,A8HAL1
3628,3888,train,A0AHX8
3629,11,train,B4SX34
3630,412,train,A0AK05
3631,472,train,A0AJ05
3632,1,train,L7N653
3633,1,train,M9MRI4
3634,2,train,N4WW42
3635,112,test,A4H9H8
3636,486,test,A0AG18
3637,19,train,A4FW92
3638,80,train,A1A9R2
3639,5,train,O29534
3640,1,train,O86954
3641,9,val,A0QTU8
3642,3,test,O87387
3643,114,train,A0A0G2Q9D6
3644,10,train,D7REY5
3645,83,val,A0R066
3646,4,train,P0ABS8
3647,22,train,P14180
3648,1,train,P14229
3649,7,train,P07332
3650,5,val,P0A461
3651,1,train,P14250
3652,1,train,P14299
3653,1,train,P14300
3654,1,train,P14332
3655,4,test,P09648
3656,1,train,P26909
3657,1,train,P27033
3658,2,train,P27050
3659,30,train,A8XKV0
3660,1,train,P38757
3661,1,train,P38823
3662,4,train,P38888
3663,20,train,A4GNA8
3664,1,val,P39008
3665,1,train,P39046
3666,69,train,A3DBX3
3667,12,train,A0A0S1RVB0
3668,1,train,P50187
3669,1,train,P50189
3670,1,train,P50190
3671,1,train,P50191
3672,66,train,D4ZX35
3673,4,train,P09796
3674,2,train,P59205
3675,7,train,A7XUJ6
3676,1,test,P70486
3677,4,train,O00418
3678,1,train,P70600
3679,1,train,P70685
3680,27,val,O30807
3681,2,test,P9WHW4
3682,1,train,P9WI68
3683,1,train,P9WI69
3684,5,train,A0QQK3
3685,1,val,Q0KHT7
3686,14,train,O93505
3687,2,test,A8MQ27
3688,1,train,Q18FK8
3689,139,train,A0B7F9
3690,1,train,Q19238
3691,151,train,A0KEQ0
3692,1,train,Q22XZ3
3693,1,train,Q23023
3694,1,test,Q23985
3695,1,test,Q24145
3696,2,train,Q24210
3697,1,test,Q24306
3698,2,train,P29349
3699,1,train,Q24731
3700,1,test,Q24751
3701,185,train,A0K4E0
3702,1,train,Q336R3
3703,5,train,Q10QL5
3704,1,train,Q34076
3705,1,train,Q556Y7
3706,1,train,Q556Y8
3707,67,train,A0QP90
3708,1,train,Q557E7
3709,7,train,A7RZW4
3710,86,test,A0K6D2
3711,11,train,A2XX73
3712,1,train,Q55928
3713,1,train,Q55A55
3714,1,train,Q55AX0
3715,1,train,Q55BA0
3716,12,val,O13974
3717,40,val,A2XWN6
3718,1,train,Q55CL6
3719,1,train,Q55CS7
3720,1,train,Q55CS8
3721,1,train,Q55CW2
3722,1,train,Q55CW3
3723,3934,train,A0A077EWA5
3724,30,train,C5FBW2
3725,2,train,Q5JJY4
3726,4,train,D0U690
3727,3,train,O50406
3728,1,train,Q5Z5F2
3729,26,train,O17405
3730,87,train,A0KLC8
3731,1,train,Q6CF78
3732,1,train,Q6CIT4
3733,6,train,P0AA89
3734,174,train,A0JRF5
3735,12,train,Q14B02
3736,265,val,A0KKN1
3737,43,train,A4XES9
3738,2,train,Q0J6P7
3739,2,train,Q8VYU3
3740,1,test,Q8VYU4
3741,21,train,P0A9D4
3742,12,train,F4HNU6
3743,11,train,O66954
3744,6,val,F2Z5Z6
3745,1,train,Q9FJX0
3746,1,train,Q9FK63
3747,2,val,Q8VYZ0
3748,2,train,Q9FKG5
3749,1,train,Q9FKG6
3750,50,train,A1E260
3751,1,train,Q9FL07
3752,7,train,O08586
3753,1,train,Q9FM84
3754,33,train,O23404
3755,32,train,A1RXG4
3756,284,train,A0KRH2
3757,637,test,A0B9M2
3758,1,train,A0QIR4
3759,14,val,A0QKC8
3760,1,train,A9MYH6
3761,906,train,A0AGY4
3762,1,train,B7YZV4
3763,8,train,B7ZR30
3764,14,val,A1L1V4
3765,6,train,A2XK56
3766,1,train,C4R360
3767,2,train,D4GYE1
3768,213,train,A0KLW6
3769,1,val,D5EV35
3770,2,train,D5EXZ4
3771,1,train,O25613
3772,1,train,O25683
3773,1,test,O25711
3774,132,test,A4FVV8
3775,80,train,A0E358
3776,3,train,O70445
3777,2,train,O14936
3778,45,train,A3DMF7
3779,1,val,O74191
3780,5,train,P06623
3781,1,train,P06652
3782,1,train,P06653
3783,3,train,O43012
3784,1,train,P06814
3785,2,test,P06815
3786,3,train,P07001
3787,1,val,P07094
3788,2,test,P0C0F6
3789,2,train,P0C0L2
3790,1,test,P0C0M4
3791,1,test,P0C0M8
3792,2,train,O68891
3793,7,train,P0AB67
3794,1,train,P0C196
3795,1,train,P0C198
3796,1,train,P0C1A0
3797,1,train,P0C1B1
3798,287,train,A0A4Z3
3799,12,train,F4JJE0
3800,1,train,P19842
3801,1,train,P19889
3802,12,train,D7REY4
3803,1,val,P19968
3804,1,train,P19982
3805,15,train,O03685
3806,1,train,P33558
3807,3,train,D4ZX34
3808,4,train,P0A9Q7
3809,1,val,P33973
3810,2,train,P30871
3811,64,train,A1CJM9
3812,1,test,P45361
